product_id,product_name,category,subcategory,product_code,unit,district,market_location,supplier_id,supplier_name,purchase_price,selling_price,current_quantity,minimum_stock_level,reorder_quantity,batch_number,manufacture_date,expiry_date,storage_type,last_updated,data_source,is_sample_data
TN-SKU-0001,Country Tomato (Naatu Thakkali),Vegetables,Fresh Produce,TN-SKU-0001,kg,Coimbatore,RS Puram Trade Centre,SUP-TN-03,Cauvery Delta Farmers Collective,25,35,0,15,60,TN-BCH-2026001,2026-09-23,2026-09-30,ROOM_TEMP,2026-10-03T09:39:13.775Z,TAMIL_NADU_RETAIL_SYNTHETIC_DATA_V1,true
TN-SKU-0002,Hybrid Red Tomato (Bangalore Thakkali),Vegetables,Fresh Produce,TN-SKU-0002,kg,Thanjavur,Kamaraj Daily Market,SUP-TN-06,Erode Turmeric & Agri Logistics,24,35,47,15,60,TN-BCH-2026002,2026-10-01,2026-10-10,ROOM_TEMP,2026-10-03T09:39:13.775Z,TAMIL_NADU_RETAIL_SYNTHETIC_DATA_V1,true
TN-SKU-0003,Salem Big Red Onion (Vengayam),Vegetables,Fresh Produce,TN-SKU-0003,kg,Cuddalore,Panruti Jackfruit & Cashew Market,SUP-TN-09,Thanjavur Grain & Rice Mills Depot,28,41,64,15,60,TN-BCH-2026003,2026-09-27,2026-10-17,DRY_VENTILATED,2026-10-03T09:39:13.775Z,TAMIL_NADU_RETAIL_SYNTHETIC_DATA_V1,true
TN-SKU-0004,Perambalur Small Shallots (Chinna Vengayam),Vegetables,Fresh Produce,TN-SKU-0004,kg,Tiruchirappalli,Gandhi Market Mandi,SUP-TN-02,Chennai Metro Spices & FMCG,56,80,81,15,60,TN-BCH-2026004,2026-09-28,2026-10-16,DRY_VENTILATED,2026-10-03T09:39:13.775Z,TAMIL_NADU_RETAIL_SYNTHETIC_DATA_V1,true
TN-SKU-0005,Nilgiris Fresh Ooty Carrot,Vegetables,Fresh Produce,TN-SKU-0005,kg,Dindigul,Oddanchatram Vegetable Market,SUP-TN-05,Salem Sago & Staples Traders,38,56,98,15,60,TN-BCH-2026005,2026-09-30,2026-10-12,COLD_STORAGE,2026-10-03T09:39:13.775Z,TAMIL_NADU_RETAIL_SYNTHETIC_DATA_V1,true
TN-SKU-0006,Kodaikanal Special Potato (Urulaikizhangu),Vegetables,Fresh Produce,TN-SKU-0006,kg,Coimbatore,MGR Wholesale Vegetable Mandi,SUP-TN-08,Nellai Wholesale Mandi Corporation,27,39,115,15,60,TN-BCH-2026006,2026-09-24,2026-10-24,DRY_VENTILATED,2026-10-03T09:39:13.775Z,TAMIL_NADU_RETAIL_SYNTHETIC_DATA_V1,true
TN-SKU-0007,Madurai Round Purple Brinjal (Kathirikai),Vegetables,Fresh Produce,TN-SKU-0007,kg,Tiruppur,Thennampalayam Daily Market,SUP-TN-01,Kongu Agro Supplies,27,41,132,15,60,TN-BCH-2026007,2026-10-02,2026-10-08,ROOM_TEMP,2026-10-03T09:39:13.775Z,TAMIL_NADU_RETAIL_SYNTHETIC_DATA_V1,true
TN-SKU-0008,Tirunelveli Green Chilli (Pachai Milagai),Vegetables,Fresh Produce,TN-SKU-0008,kg,Thoothukudi,VOC Port Salt & Provisions Terminal,SUP-TN-04,Madurai Meenakshi Dairy & Provisions,50,73,149,15,60,TN-BCH-2026008,2026-09-30,2026-10-10,COLD_STORAGE,2026-10-03T09:39:13.775Z,TAMIL_NADU_RETAIL_SYNTHETIC_DATA_V1,true
TN-SKU-0009,Thanjavur Country Drumstick (Murungakkai),Vegetables,Fresh Produce,TN-SKU-0009,kg,Madurai,Simmakkal Wholesale Mandi,SUP-TN-07,Nilgiris High-Range Organic Produce,46,69,166,15,60,TN-BCH-2026009,2026-10-01,2026-10-08,ROOM_TEMP,2026-10-03T09:39:13.775Z,TAMIL_NADU_RETAIL_SYNTHETIC_DATA_V1,true
TN-SKU-0010,Oddanchatram Tender Okra (Vendakkai),Vegetables,Fresh Produce,TN-SKU-0010,kg,Vellore,Katpadi Wholesale Mandi,SUP-TN-10,Oddanchatram Farm Logistics Network,36,53,33,15,60,TN-BCH-2026010,2026-10-02,2026-10-07,ROOM_TEMP,2026-10-03T09:39:13.775Z,TAMIL_NADU_RETAIL_SYNTHETIC_DATA_V1,true
TN-SKU-0011,Hosur Fresh Green Cabbage,Vegetables,Fresh Produce,TN-SKU-0011,kg,Chennai,George Town Commodity Market,SUP-TN-03,Cauvery Delta Farmers Collective,19,28,50,15,60,TN-BCH-2026011,2026-09-29,2026-10-13,COLD_STORAGE,2026-10-03T09:39:13.775Z,TAMIL_NADU_RETAIL_SYNTHETIC_DATA_V1,true
TN-SKU-0012,Hosur Compact White Cauliflower,Vegetables,Fresh Produce,TN-SKU-0012,piece,Erode,Nethaji Daily Market,SUP-TN-06,Erode Turmeric & Agri Logistics,27,42,4,8,32,TN-BCH-2026012,2026-10-01,2026-10-08,COLD_STORAGE,2026-10-03T09:39:13.775Z,TAMIL_NADU_RETAIL_SYNTHETIC_DATA_V1,true
TN-SKU-0013,Ooty Tender French Beans,Vegetables,Fresh Produce,TN-SKU-0013,kg,Theni,Chinnamanur Banana Auction Center,SUP-TN-09,Thanjavur Grain & Rice Mills Depot,47,71,84,15,60,TN-BCH-2026013,2026-10-01,2026-10-09,COLD_STORAGE,2026-10-03T09:39:13.775Z,TAMIL_NADU_RETAIL_SYNTHETIC_DATA_V1,true
TN-SKU-0014,Kovakkai (Ivy Gourd),Vegetables,Fresh Produce,TN-SKU-0014,kg,Madurai,Mattuthavani Vegetable Market,SUP-TN-02,Chennai Metro Spices & FMCG,30,45,101,15,60,TN-BCH-2026014,2026-09-30,2026-10-07,ROOM_TEMP,2026-10-03T09:39:13.775Z,TAMIL_NADU_RETAIL_SYNTHETIC_DATA_V1,true
TN-SKU-0015,Snake Gourd (Pudalangai),Vegetables,Fresh Produce,TN-SKU-0015,kg,Tirunelveli,Nainar Kulam Wholesale Market,SUP-TN-05,Salem Sago & Staples Traders,21,33,118,15,60,TN-BCH-2026015,2026-10-02,2026-10-08,ROOM_TEMP,2026-10-03T09:39:13.775Z,TAMIL_NADU_RETAIL_SYNTHETIC_DATA_V1,true
TN-SKU-0016,Ridge Gourd (Peerkangai),Vegetables,Fresh Produce,TN-SKU-0016,kg,Chennai,Koyambedu Wholesale Market,SUP-TN-08,Nellai Wholesale Mandi Corporation,35,52,135,15,60,TN-BCH-2026016,2026-10-02,2026-10-08,ROOM_TEMP,2026-10-03T09:39:13.775Z,TAMIL_NADU_RETAIL_SYNTHETIC_DATA_V1,true
TN-SKU-0017,Bitter Gourd (Pavakkai),Vegetables,Fresh Produce,TN-SKU-0017,kg,Salem,Shevapet Wholesale Grain Market,SUP-TN-01,Kongu Agro Supplies,35,50,152,15,60,TN-BCH-2026017,2026-10-01,2026-10-09,ROOM_TEMP,2026-10-03T09:39:13.775Z,TAMIL_NADU_RETAIL_SYNTHETIC_DATA_V1,true
TN-SKU-0018,Fresh Ginger (Inji),Vegetables,Fresh Produce,TN-SKU-0018,kg,Nilgiris,Ooty Municipal Market,SUP-TN-04,Madurai Meenakshi Dairy & Provisions,93,131,169,15,60,TN-BCH-2026018,2026-09-05,2026-09-30,DRY_VENTILATED,2026-10-03T09:39:13.775Z,TAMIL_NADU_RETAIL_SYNTHETIC_DATA_V1,true
TN-SKU-0019,Country Garlic (Naatu Poondu),Vegetables,Fresh Produce,TN-SKU-0019,kg,Coimbatore,RS Puram Trade Centre,SUP-TN-07,Nilgiris High-Range Organic Produce,155,213,36,15,60,TN-BCH-2026019,,,DRY_VENTILATED,2026-10-03T09:39:13.775Z,TAMIL_NADU_RETAIL_SYNTHETIC_DATA_V1,true
TN-SKU-0020,Fresh Curry Leaves (Karuveppilai),Vegetables,Herbs,TN-SKU-0020,kg,Thanjavur,Kamaraj Daily Market,SUP-TN-10,Oddanchatram Farm Logistics Network,28,50,53,15,60,TN-BCH-2026020,2026-10-02,2026-10-06,COLD_STORAGE,2026-10-03T09:39:13.775Z,TAMIL_NADU_RETAIL_SYNTHETIC_DATA_V1,true
TN-SKU-0021,Fresh Coriander Leaves (Kothamalli),Vegetables,Herbs,TN-SKU-0021,kg,Cuddalore,Panruti Jackfruit & Cashew Market,SUP-TN-03,Cauvery Delta Farmers Collective,29,54,70,15,60,TN-BCH-2026021,2026-10-02,2026-10-06,COLD_STORAGE,2026-10-03T09:39:13.775Z,TAMIL_NADU_RETAIL_SYNTHETIC_DATA_V1,true
TN-SKU-0022,Fresh Mint Leaves (Pudina),Vegetables,Herbs,TN-SKU-0022,kg,Tiruchirappalli,Gandhi Market Mandi,SUP-TN-06,Erode Turmeric & Agri Logistics,31,56,87,15,60,TN-BCH-2026022,2026-10-02,2026-10-06,COLD_STORAGE,2026-10-03T09:39:13.775Z,TAMIL_NADU_RETAIL_SYNTHETIC_DATA_V1,true
TN-SKU-0023,Raw Cooking Banana (Vazhaikkai),Vegetables,Fresh Produce,TN-SKU-0023,piece,Dindigul,Oddanchatram Vegetable Market,SUP-TN-09,Thanjavur Grain & Rice Mills Depot,6,10,4,8,32,TN-BCH-2026023,2026-09-30,2026-10-10,ROOM_TEMP,2026-10-03T09:39:13.775Z,TAMIL_NADU_RETAIL_SYNTHETIC_DATA_V1,true
TN-SKU-0024,Ash Gourd (Poosanikkai),Vegetables,Fresh Produce,TN-SKU-0024,kg,Coimbatore,MGR Wholesale Vegetable Mandi,SUP-TN-02,Chennai Metro Spices & FMCG,20,34,0,15,60,TN-BCH-2026024,2026-09-26,2026-10-21,ROOM_TEMP,2026-10-03T09:39:13.775Z,TAMIL_NADU_RETAIL_SYNTHETIC_DATA_V1,true
TN-SKU-0025,Salem Malgova Mango,Fruits,Seasonal Fruits,TN-SKU-0025,kg,Tiruppur,Thennampalayam Daily Market,SUP-TN-05,Salem Sago & Staples Traders,110,160,138,15,60,TN-BCH-2026025,2026-10-01,2026-10-09,ROOM_TEMP,2026-10-03T09:39:13.775Z,TAMIL_NADU_RETAIL_SYNTHETIC_DATA_V1,true
TN-SKU-0026,Dharmapuri Alphonso Mango,Fruits,Seasonal Fruits,TN-SKU-0026,kg,Thoothukudi,VOC Port Salt & Provisions Terminal,SUP-TN-08,Nellai Wholesale Mandi Corporation,114,167,155,15,60,TN-BCH-2026026,2026-10-01,2026-10-08,ROOM_TEMP,2026-10-03T09:39:13.776Z,TAMIL_NADU_RETAIL_SYNTHETIC_DATA_V1,true
TN-SKU-0027,Trichy Poovan Banana,Fruits,Fresh Fruits,TN-SKU-0027,dozen,Madurai,Simmakkal Wholesale Mandi,SUP-TN-01,Kongu Agro Supplies,40,61,172,15,60,TN-BCH-2026027,2026-10-01,2026-10-07,ROOM_TEMP,2026-10-03T09:39:13.776Z,TAMIL_NADU_RETAIL_SYNTHETIC_DATA_V1,true
TN-SKU-0028,Theni Red Banana (Sevvazhai),Fruits,Fresh Fruits,TN-SKU-0028,dozen,Vellore,Katpadi Wholesale Mandi,SUP-TN-04,Madurai Meenakshi Dairy & Provisions,67,98,39,15,60,TN-BCH-2026028,2026-10-02,2026-10-08,ROOM_TEMP,2026-10-03T09:39:13.776Z,TAMIL_NADU_RETAIL_SYNTHETIC_DATA_V1,true
TN-SKU-0029,Pollachi Robusta Green Banana,Fruits,Fresh Fruits,TN-SKU-0029,kg,Chennai,George Town Commodity Market,SUP-TN-07,Nilgiris High-Range Organic Produce,29,43,56,15,60,TN-BCH-2026029,2026-10-01,2026-10-08,ROOM_TEMP,2026-10-03T09:39:13.776Z,TAMIL_NADU_RETAIL_SYNTHETIC_DATA_V1,true
TN-SKU-0030,Dindigul Country Pink Guava (Koyya),Fruits,Fresh Fruits,TN-SKU-0030,kg,Erode,Nethaji Daily Market,SUP-TN-10,Oddanchatram Farm Logistics Network,41,63,73,15,60,TN-BCH-2026030,2026-10-02,2026-10-07,ROOM_TEMP,2026-10-03T09:39:13.776Z,TAMIL_NADU_RETAIL_SYNTHETIC_DATA_V1,true
TN-SKU-0031,Panruti Honey Jackfruit Pods (Pala Pazham),Fruits,Fresh Fruits,TN-SKU-0031,packet,Theni,Chinnamanur Banana Auction Center,SUP-TN-03,Cauvery Delta Farmers Collective,62,93,90,15,60,TN-BCH-2026031,2026-10-02,2026-10-06,COLD_STORAGE,2026-10-03T09:39:13.776Z,TAMIL_NADU_RETAIL_SYNTHETIC_DATA_V1,true
TN-SKU-0032,Madurai Striped Sweet Watermelon,Fruits,Fresh Fruits,TN-SKU-0032,kg,Madurai,Mattuthavani Vegetable Market,SUP-TN-06,Erode Turmeric & Agri Logistics,13,23,107,15,60,TN-BCH-2026032,2026-09-29,2026-10-13,ROOM_TEMP,2026-10-03T09:39:13.776Z,TAMIL_NADU_RETAIL_SYNTHETIC_DATA_V1,true
TN-SKU-0033,Erode Ripe Red Papaya,Fruits,Fresh Fruits,TN-SKU-0033,kg,Tirunelveli,Nainar Kulam Wholesale Market,SUP-TN-09,Thanjavur Grain & Rice Mills Depot,23,40,124,15,60,TN-BCH-2026033,2026-10-02,2026-10-07,ROOM_TEMP,2026-10-03T09:39:13.776Z,TAMIL_NADU_RETAIL_SYNTHETIC_DATA_V1,true
TN-SKU-0034,Nagapattinam Sweet Lime (Sathukudi),Fruits,Fresh Fruits,TN-SKU-0034,kg,Chennai,Koyambedu Wholesale Market,SUP-TN-02,Chennai Metro Spices & FMCG,46,69,9,15,60,TN-BCH-2026034,2026-09-30,2026-10-12,ROOM_TEMP,2026-10-03T09:39:13.776Z,TAMIL_NADU_RETAIL_SYNTHETIC_DATA_V1,true
TN-SKU-0035,Kodai Mandarins / Oranges,Fruits,Fresh Fruits,TN-SKU-0035,kg,Salem,Shevapet Wholesale Grain Market,SUP-TN-05,Salem Sago & Staples Traders,74,110,158,15,60,TN-BCH-2026035,2026-09-18,2026-09-30,COLD_STORAGE,2026-10-03T09:39:13.776Z,TAMIL_NADU_RETAIL_SYNTHETIC_DATA_V1,true
TN-SKU-0036,Ruby Red Pomegranate (Mathulai),Fruits,Fresh Fruits,TN-SKU-0036,kg,Nilgiris,Ooty Municipal Market,SUP-TN-08,Nellai Wholesale Mandi Corporation,121,172,175,15,60,TN-BCH-2026036,2026-09-28,2026-10-16,COLD_STORAGE,2026-10-03T09:39:13.776Z,TAMIL_NADU_RETAIL_SYNTHETIC_DATA_V1,true
TN-SKU-0037,Dindigul Sapota (Chikoo),Fruits,Fresh Fruits,TN-SKU-0037,kg,Coimbatore,RS Puram Trade Centre,SUP-TN-01,Kongu Agro Supplies,37,58,42,15,60,TN-BCH-2026037,2026-10-02,2026-10-07,ROOM_TEMP,2026-10-03T09:39:13.776Z,TAMIL_NADU_RETAIL_SYNTHETIC_DATA_V1,true
TN-SKU-0038,Theni Paneer Drakshi (Black Grapes),Fruits,Fresh Fruits,TN-SKU-0038,kg,Thanjavur,Kamaraj Daily Market,SUP-TN-04,Madurai Meenakshi Dairy & Provisions,61,89,59,15,60,TN-BCH-2026038,2026-10-01,2026-10-09,COLD_STORAGE,2026-10-03T09:39:13.776Z,TAMIL_NADU_RETAIL_SYNTHETIC_DATA_V1,true
TN-SKU-0039,Pollachi Tender Coconut (Elaneer),Beverages,Natural Beverages,TN-SKU-0039,piece,Cuddalore,Panruti Jackfruit & Cashew Market,SUP-TN-07,Nilgiris High-Range Organic Produce,37,54,62,8,32,TN-BCH-2026039,2026-10-01,2026-10-08,ROOM_TEMP,2026-10-03T09:39:13.776Z,TAMIL_NADU_RETAIL_SYNTHETIC_DATA_V1,true
TN-SKU-0040,Nilgiris Strong CTC Dust Tea 500g,Beverages,Tea & Coffee,TN-SKU-0040,packet,Tiruchirappalli,Gandhi Market Mandi,SUP-TN-10,Oddanchatram Farm Logistics Network,133,185,93,15,60,TN-BCH-2026040,2025-10-07,2026-10-07,ROOM_TEMP,2026-10-03T09:39:13.776Z,TAMIL_NADU_RETAIL_SYNTHETIC_DATA_V1,true
TN-SKU-0041,Kumbakonam Special Degree Coffee Powder 500g,Beverages,Tea & Coffee,TN-SKU-0041,packet,Dindigul,Oddanchatram Vegetable Market,SUP-TN-03,Cauvery Delta Farmers Collective,238,319,110,15,60,TN-BCH-2026041,2026-08-10,2027-02-06,ROOM_TEMP,2026-10-03T09:39:13.776Z,TAMIL_NADU_RETAIL_SYNTHETIC_DATA_V1,true
TN-SKU-0042,Bovonto Heritage Grape Soda 600ml,Beverages,Soft Drinks,TN-SKU-0042,piece,Coimbatore,MGR Wholesale Vegetable Mandi,SUP-TN-06,Erode Turmeric & Agri Logistics,25,36,113,8,32,TN-BCH-2026042,2026-08-10,2027-02-06,ROOM_TEMP,2026-10-03T09:39:13.776Z,TAMIL_NADU_RETAIL_SYNTHETIC_DATA_V1,true
TN-SKU-0043,Torino Orange Carbonated Drink 500ml,Beverages,Soft Drinks,TN-SKU-0043,piece,Tiruppur,Thennampalayam Daily Market,SUP-TN-09,Thanjavur Grain & Rice Mills Depot,26,38,130,8,32,TN-BCH-2026043,2026-08-10,2027-02-06,ROOM_TEMP,2026-10-03T09:39:13.776Z,TAMIL_NADU_RETAIL_SYNTHETIC_DATA_V1,true
TN-SKU-0044,Aavin Badam Flavoured Milk 200ml Tetra,Beverages,Packaged Drinks,TN-SKU-0044,piece,Thoothukudi,VOC Port Salt & Provisions Terminal,SUP-TN-02,Chennai Metro Spices & FMCG,21,29,147,8,32,TN-BCH-2026044,2026-08-28,2026-12-26,ROOM_TEMP,2026-10-03T09:39:13.776Z,TAMIL_NADU_RETAIL_SYNTHETIC_DATA_V1,true
TN-SKU-0045,Alangudi Nannari Sharbat Syrup 750ml,Beverages,Syrups,TN-SKU-0045,piece,Madurai,Simmakkal Wholesale Mandi,SUP-TN-05,Salem Sago & Staples Traders,99,149,4,8,32,TN-BCH-2026045,2026-07-23,2027-03-20,ROOM_TEMP,2026-10-03T09:39:13.776Z,TAMIL_NADU_RETAIL_SYNTHETIC_DATA_V1,true
TN-SKU-0046,Packaged Spring Water 1 Litre Bottle,Beverages,Packaged Water,TN-SKU-0046,piece,Vellore,Katpadi Wholesale Mandi,SUP-TN-08,Nellai Wholesale Mandi Corporation,10,20,31,8,32,TN-BCH-2026046,2026-06-16,2027-06-16,ROOM_TEMP,2026-10-03T09:39:13.776Z,TAMIL_NADU_RETAIL_SYNTHETIC_DATA_V1,true
TN-SKU-0047,Madurai Spiced Masala Buttermilk 200ml,Beverages,Packaged Drinks,TN-SKU-0047,packet,Chennai,George Town Commodity Market,SUP-TN-01,Kongu Agro Supplies,12,20,0,15,60,TN-BCH-2026047,2026-10-02,2026-10-07,COLD_STORAGE,2026-10-03T09:39:13.776Z,TAMIL_NADU_RETAIL_SYNTHETIC_DATA_V1,true
TN-SKU-0048,Filter Coffee Liquid Decoction 200ml Pouch,Beverages,Tea & Coffee,TN-SKU-0048,packet,Erode,Nethaji Daily Market,SUP-TN-04,Madurai Meenakshi Dairy & Provisions,45,64,79,15,60,TN-BCH-2026048,2026-09-24,2026-10-24,COLD_STORAGE,2026-10-03T09:39:13.776Z,TAMIL_NADU_RETAIL_SYNTHETIC_DATA_V1,true
TN-SKU-0049,Classic Sesame Burger Buns (Pack of 6),Fast-food ingredients,Bakery Staples,TN-SKU-0049,packet,Theni,Chinnamanur Banana Auction Center,SUP-TN-07,Nilgiris High-Range Organic Produce,43,62,96,15,60,TN-BCH-2026049,2026-10-02,2026-10-07,ROOM_TEMP,2026-10-03T09:39:13.776Z,TAMIL_NADU_RETAIL_SYNTHETIC_DATA_V1,true
TN-SKU-0050,8-Inch Pre-Baked Pizza Crust (Pack of 2),Fast-food ingredients,Bakery Staples,TN-SKU-0050,packet,Madurai,Mattuthavani Vegetable Market,SUP-TN-10,Oddanchatram Farm Logistics Network,42,65,113,15,60,TN-BCH-2026050,2026-10-02,2026-10-08,ROOM_TEMP,2026-10-03T09:39:13.776Z,TAMIL_NADU_RETAIL_SYNTHETIC_DATA_V1,true
TN-SKU-0051,Mozzarella Pizza Cheese Block 1kg,Fast-food ingredients,Dairy Staples,TN-SKU-0051,kg,Tirunelveli,Nainar Kulam Wholesale Market,SUP-TN-03,Cauvery Delta Farmers Collective,317,422,130,15,60,TN-BCH-2026001,2026-09-15,2026-11-14,COLD_STORAGE,2026-10-03T09:39:13.776Z,TAMIL_NADU_RETAIL_SYNTHETIC_DATA_V1,true
TN-SKU-0052,Eggless Premium Mayonnaise 1kg Pouch,Fast-food ingredients,Sauces & Dressings,TN-SKU-0052,packet,Chennai,Koyambedu Wholesale Market,SUP-TN-06,Erode Turmeric & Agri Logistics,126,182,147,15,60,TN-BCH-2026002,2026-06-02,2026-09-30,ROOM_TEMP,2026-10-03T09:39:13.776Z,TAMIL_NADU_RETAIL_SYNTHETIC_DATA_V1,true
TN-SKU-0053,Spicy Peri Peri Seasoning 500g Jar,Fast-food ingredients,Seasonings,TN-SKU-0053,packet,Salem,Shevapet Wholesale Grain Market,SUP-TN-09,Thanjavur Grain & Rice Mills Depot,125,187,164,15,60,TN-BCH-2026003,2026-02-09,2026-10-07,ROOM_TEMP,2026-10-03T09:39:13.776Z,TAMIL_NADU_RETAIL_SYNTHETIC_DATA_V1,true
TN-SKU-0054,Frozen Crisp French Fries 9mm 1kg,Fast-food ingredients,Frozen Foods,TN-SKU-0054,packet,Nilgiris,Ooty Municipal Market,SUP-TN-02,Chennai Metro Spices & FMCG,117,168,31,15,60,TN-BCH-2026004,2026-08-10,2027-02-06,FROZEN,2026-10-03T09:39:13.776Z,TAMIL_NADU_RETAIL_SYNTHETIC_DATA_V1,true
TN-SKU-0055,Frozen Vegetable Burger Patties 1kg,Fast-food ingredients,Frozen Foods,TN-SKU-0055,packet,Coimbatore,RS Puram Trade Centre,SUP-TN-05,Salem Sago & Staples Traders,144,207,48,15,60,TN-BCH-2026005,2026-08-10,2027-02-06,FROZEN,2026-10-03T09:39:13.776Z,TAMIL_NADU_RETAIL_SYNTHETIC_DATA_V1,true
TN-SKU-0056,Durum Wheat Penne Rigate Pasta 1kg,Fast-food ingredients,Pasta & Noodles,TN-SKU-0056,packet,Thanjavur,Kamaraj Daily Market,SUP-TN-08,Nellai Wholesale Mandi Corporation,93,139,9,15,60,TN-BCH-2026006,2026-06-16,2027-06-16,ROOM_TEMP,2026-10-03T09:39:13.776Z,TAMIL_NADU_RETAIL_SYNTHETIC_DATA_V1,true
TN-SKU-0057,Authentic Hakka Chinese Noodles 500g,Fast-food ingredients,Pasta & Noodles,TN-SKU-0057,packet,Cuddalore,Panruti Jackfruit & Cashew Market,SUP-TN-01,Kongu Agro Supplies,35,55,82,15,60,TN-BCH-2026007,2026-08-10,2027-02-06,ROOM_TEMP,2026-10-03T09:39:13.776Z,TAMIL_NADU_RETAIL_SYNTHETIC_DATA_V1,true
TN-SKU-0058,Refined Sunflower Cooking Oil 15L Commercial Tin,Fast-food ingredients,Oils,TN-SKU-0058,piece,Tiruchirappalli,Gandhi Market Mandi,SUP-TN-04,Madurai Meenakshi Dairy & Provisions,1924,2236,85,8,32,TN-BCH-2026008,2026-07-14,2027-04-10,ROOM_TEMP,2026-10-03T09:39:13.776Z,TAMIL_NADU_RETAIL_SYNTHETIC_DATA_V1,true
TN-SKU-0059,Rich Tomato Puree / Sauce 1.2kg Can,Fast-food ingredients,Sauces & Dressings,TN-SKU-0059,piece,Dindigul,Oddanchatram Vegetable Market,SUP-TN-07,Nilgiris High-Range Organic Produce,69,101,102,8,32,TN-BCH-2026009,2026-06-16,2027-06-16,ROOM_TEMP,2026-10-03T09:39:13.776Z,TAMIL_NADU_RETAIL_SYNTHETIC_DATA_V1,true
TN-SKU-0060,Tanjore Deluxe Ponni Boiled Rice 25kg Bag,Grains and staples,Rice,TN-SKU-0060,box,Coimbatore,MGR Wholesale Vegetable Mandi,SUP-TN-10,Oddanchatram Farm Logistics Network,1418,1733,119,8,32,TN-BCH-2026010,,,DRY_VENTILATED,2026-10-03T09:39:13.776Z,TAMIL_NADU_RETAIL_SYNTHETIC_DATA_V1,true
TN-SKU-0061,Thanjavur Kuruvai Raw Rice 25kg Bag,Grains and staples,Rice,TN-SKU-0061,box,Tiruppur,Thennampalayam Daily Market,SUP-TN-03,Cauvery Delta Farmers Collective,1116,1376,136,8,32,TN-BCH-2026011,,,DRY_VENTILATED,2026-10-03T09:39:13.776Z,TAMIL_NADU_RETAIL_SYNTHETIC_DATA_V1,true
TN-SKU-0062,Seeraga Samba Traditional Biryani Rice 5kg,Grains and staples,Rice,TN-SKU-0062,packet,Thoothukudi,VOC Port Salt & Provisions Terminal,SUP-TN-06,Erode Turmeric & Agri Logistics,551,721,167,15,60,TN-BCH-2026012,,,DRY_VENTILATED,2026-10-03T09:39:13.776Z,TAMIL_NADU_RETAIL_SYNTHETIC_DATA_V1,true
TN-SKU-0063,Sharbati Whole Wheat Atta 10kg Bag,Grains and staples,Flours,TN-SKU-0063,packet,Madurai,Simmakkal Wholesale Mandi,SUP-TN-09,Thanjavur Grain & Rice Mills Depot,385,489,34,15,60,TN-BCH-2026013,2026-09-06,2026-12-05,DRY_VENTILATED,2026-10-03T09:39:13.776Z,TAMIL_NADU_RETAIL_SYNTHETIC_DATA_V1,true
TN-SKU-0064,Superior Quality Maida Flour 5kg,Grains and staples,Flours,TN-SKU-0064,packet,Vellore,Katpadi Wholesale Mandi,SUP-TN-02,Chennai Metro Spices & FMCG,193,257,51,15,60,TN-BCH-2026014,2026-09-06,2026-12-05,DRY_VENTILATED,2026-10-03T09:39:13.776Z,TAMIL_NADU_RETAIL_SYNTHETIC_DATA_V1,true
TN-SKU-0065,Roasted Sooji Rava 1kg,Grains and staples,Flours,TN-SKU-0065,packet,Chennai,George Town Commodity Market,SUP-TN-05,Salem Sago & Staples Traders,40,57,68,15,60,TN-BCH-2026015,2026-09-06,2026-12-05,DRY_VENTILATED,2026-10-03T09:39:13.776Z,TAMIL_NADU_RETAIL_SYNTHETIC_DATA_V1,true
TN-SKU-0066,Erode Premium Toor Dal (Thuvaram Paruppu) 1kg,Grains and staples,Pulses & Lentils,TN-SKU-0066,kg,Erode,Nethaji Daily Market,SUP-TN-08,Nellai Wholesale Mandi Corporation,146,189,85,15,60,TN-BCH-2026016,,,DRY_VENTILATED,2026-10-03T09:39:13.776Z,TAMIL_NADU_RETAIL_SYNTHETIC_DATA_V1,true
TN-SKU-0067,Nellai Special Urad Dal Gota (Ulunthu) 1kg,Grains and staples,Pulses & Lentils,TN-SKU-0067,kg,Theni,Chinnamanur Banana Auction Center,SUP-TN-01,Kongu Agro Supplies,115,154,9,15,60,TN-BCH-2026017,,,DRY_VENTILATED,2026-10-03T09:39:13.776Z,TAMIL_NADU_RETAIL_SYNTHETIC_DATA_V1,true
TN-SKU-0068,Yellow Moong Dal Split (Paasi Paruppu) 1kg,Grains and staples,Pulses & Lentils,TN-SKU-0068,kg,Madurai,Mattuthavani Vegetable Market,SUP-TN-04,Madurai Meenakshi Dairy & Provisions,114,153,119,15,60,TN-BCH-2026018,,,DRY_VENTILATED,2026-10-03T09:39:13.776Z,TAMIL_NADU_RETAIL_SYNTHETIC_DATA_V1,true
TN-SKU-0069,Bengal Gram Chana Dal (Kadalai Paruppu) 1kg,Grains and staples,Pulses & Lentils,TN-SKU-0069,kg,Tirunelveli,Nainar Kulam Wholesale Market,SUP-TN-07,Nilgiris High-Range Organic Produce,80,107,136,15,60,TN-BCH-2026019,,,DRY_VENTILATED,2026-10-03T09:39:13.776Z,TAMIL_NADU_RETAIL_SYNTHETIC_DATA_V1,true
TN-SKU-0070,Whole Green Gram (Pachai Payaru) 1kg,Grains and staples,Pulses & Lentils,TN-SKU-0070,kg,Chennai,Koyambedu Wholesale Market,SUP-TN-10,Oddanchatram Farm Logistics Network,108,145,0,15,60,TN-BCH-2026020,,,DRY_VENTILATED,2026-10-03T09:39:13.776Z,TAMIL_NADU_RETAIL_SYNTHETIC_DATA_V1,true
TN-SKU-0071,Organic Finger Millet Flour (Kezhvaragu / Ragi) 1kg,Grains and staples,Millets,TN-SKU-0071,packet,Salem,Shevapet Wholesale Grain Market,SUP-TN-03,Cauvery Delta Farmers Collective,47,69,170,15,60,TN-BCH-2026021,2026-08-28,2026-12-26,DRY_VENTILATED,2026-10-03T09:39:13.776Z,TAMIL_NADU_RETAIL_SYNTHETIC_DATA_V1,true
TN-SKU-0072,Kodo Millet Rice (Varagu Arisi) 1kg,Grains and staples,Millets,TN-SKU-0072,packet,Nilgiris,Ooty Municipal Market,SUP-TN-06,Erode Turmeric & Agri Logistics,80,117,37,15,60,TN-BCH-2026022,,,DRY_VENTILATED,2026-10-03T09:39:13.776Z,TAMIL_NADU_RETAIL_SYNTHETIC_DATA_V1,true
TN-SKU-0073,Little Millet (Samai Arisi) 1kg,Grains and staples,Millets,TN-SKU-0073,packet,Coimbatore,RS Puram Trade Centre,SUP-TN-09,Thanjavur Grain & Rice Mills Depot,74,109,54,15,60,TN-BCH-2026023,,,DRY_VENTILATED,2026-10-03T09:39:13.776Z,TAMIL_NADU_RETAIL_SYNTHETIC_DATA_V1,true
TN-SKU-0074,Foxtail Millet (Thinai Arisi) 1kg,Grains and staples,Millets,TN-SKU-0074,packet,Thanjavur,Kamaraj Daily Market,SUP-TN-02,Chennai Metro Spices & FMCG,78,112,71,15,60,TN-BCH-2026024,,,DRY_VENTILATED,2026-10-03T09:39:13.776Z,TAMIL_NADU_RETAIL_SYNTHETIC_DATA_V1,true
TN-SKU-0075,Barnyard Millet (Kuthiraivali Arisi) 1kg,Grains and staples,Millets,TN-SKU-0075,packet,Cuddalore,Panruti Jackfruit & Cashew Market,SUP-TN-05,Salem Sago & Staples Traders,76,112,88,15,60,TN-BCH-2026025,,,DRY_VENTILATED,2026-10-03T09:39:13.776Z,TAMIL_NADU_RETAIL_SYNTHETIC_DATA_V1,true
TN-SKU-0076,Aavin Full Cream Milk (Orange) 500ml,Dairy,Milk,TN-SKU-0076,packet,Tiruchirappalli,Gandhi Market Mandi,SUP-TN-08,Nellai Wholesale Mandi Corporation,23,26,105,15,60,TN-BCH-2026026,2026-10-03,2026-10-05,COLD_STORAGE,2026-10-03T09:39:13.776Z,TAMIL_NADU_RETAIL_SYNTHETIC_DATA_V1,true
TN-SKU-0077,Aavin Standardized Cow Milk (Green) 500ml,Dairy,Milk,TN-SKU-0077,packet,Dindigul,Oddanchatram Vegetable Market,SUP-TN-01,Kongu Agro Supplies,21,25,122,15,60,TN-BCH-2026027,2026-10-03,2026-10-05,COLD_STORAGE,2026-10-03T09:39:13.776Z,TAMIL_NADU_RETAIL_SYNTHETIC_DATA_V1,true
TN-SKU-0078,Fresh Thick Farm Curd (Thayir) 1kg Tub,Dairy,Curd & Yoghurt,TN-SKU-0078,packet,Coimbatore,MGR Wholesale Vegetable Mandi,SUP-TN-04,Madurai Meenakshi Dairy & Provisions,53,71,9,15,60,TN-BCH-2026028,2026-10-02,2026-10-07,COLD_STORAGE,2026-10-03T09:39:13.776Z,TAMIL_NADU_RETAIL_SYNTHETIC_DATA_V1,true
TN-SKU-0079,Traditional Pure Cow Ghee (Nei) 500ml,Dairy,Ghee & Butter,TN-SKU-0079,piece,Tiruppur,Thennampalayam Daily Market,SUP-TN-07,Nilgiris High-Range Organic Produce,316,428,142,8,32,TN-BCH-2026029,2026-04-10,2026-10-07,ROOM_TEMP,2026-10-03T09:39:13.776Z,TAMIL_NADU_RETAIL_SYNTHETIC_DATA_V1,true
TN-SKU-0080,Fresh Soft Malai Paneer 500g Pack,Dairy,Paneer & Cheese,TN-SKU-0080,packet,Thoothukudi,VOC Port Salt & Provisions Terminal,SUP-TN-10,Oddanchatram Farm Logistics Network,158,216,173,15,60,TN-BCH-2026030,2026-09-29,2026-10-13,COLD_STORAGE,2026-10-03T09:39:13.776Z,TAMIL_NADU_RETAIL_SYNTHETIC_DATA_V1,true
TN-SKU-0081,Unsalted Creamery Butter 500g Brick,Dairy,Ghee & Butter,TN-SKU-0081,piece,Madurai,Simmakkal Wholesale Mandi,SUP-TN-03,Cauvery Delta Farmers Collective,227,299,26,8,32,TN-BCH-2026031,2026-09-06,2026-12-05,COLD_STORAGE,2026-10-03T09:39:13.776Z,TAMIL_NADU_RETAIL_SYNTHETIC_DATA_V1,true
TN-SKU-0082,Fresh Milk Khoya / Mawa 250g,Dairy,Traditional Dairy,TN-SKU-0082,packet,Vellore,Katpadi Wholesale Mandi,SUP-TN-06,Erode Turmeric & Agri Logistics,86,127,57,15,60,TN-BCH-2026032,2026-09-30,2026-10-10,COLD_STORAGE,2026-10-03T09:39:13.776Z,TAMIL_NADU_RETAIL_SYNTHETIC_DATA_V1,true
TN-SKU-0083,Sweetened Condensed Milk 400g Tin,Dairy,Processed Dairy,TN-SKU-0083,piece,Chennai,George Town Commodity Market,SUP-TN-09,Thanjavur Grain & Rice Mills Depot,102,140,60,8,32,TN-BCH-2026033,2026-07-23,2027-03-20,ROOM_TEMP,2026-10-03T09:39:13.776Z,TAMIL_NADU_RETAIL_SYNTHETIC_DATA_V1,true
TN-SKU-0084,Classic Sandwich Sliced White Bread 400g,Bakery products,Breads,TN-SKU-0084,packet,Erode,Nethaji Daily Market,SUP-TN-02,Chennai Metro Spices & FMCG,24,35,91,15,60,TN-BCH-2026034,2026-10-02,2026-10-06,ROOM_TEMP,2026-10-03T09:39:13.776Z,TAMIL_NADU_RETAIL_SYNTHETIC_DATA_V1,true
TN-SKU-0085,100% Whole Wheat Brown Bread 400g,Bakery products,Breads,TN-SKU-0085,packet,Theni,Chinnamanur Banana Auction Center,SUP-TN-05,Salem Sago & Staples Traders,36,50,108,15,60,TN-BCH-2026035,2026-10-02,2026-10-06,ROOM_TEMP,2026-10-03T09:39:13.776Z,TAMIL_NADU_RETAIL_SYNTHETIC_DATA_V1,true
TN-SKU-0086,Rich Plum Fruit Cake 500g Box,Bakery products,Cakes,TN-SKU-0086,box,Madurai,Mattuthavani Vegetable Market,SUP-TN-08,Nellai Wholesale Mandi Corporation,121,177,111,8,32,TN-BCH-2026036,2026-08-31,2026-09-30,ROOM_TEMP,2026-10-03T09:39:13.776Z,TAMIL_NADU_RETAIL_SYNTHETIC_DATA_V1,true
TN-SKU-0087,Crispy Elaichi Butter Rusk 400g,Bakery products,Biscuits & Rusks,TN-SKU-0087,packet,Tirunelveli,Nainar Kulam Wholesale Market,SUP-TN-01,Kongu Agro Supplies,48,69,142,15,60,TN-BCH-2026037,2026-09-06,2026-12-05,ROOM_TEMP,2026-10-03T09:39:13.776Z,TAMIL_NADU_RETAIL_SYNTHETIC_DATA_V1,true
TN-SKU-0088,Nilgiris Fresh Coconut Macaroons 250g,Bakery products,Confectionery,TN-SKU-0088,box,Chennai,Koyambedu Wholesale Market,SUP-TN-04,Madurai Meenakshi Dairy & Provisions,85,132,145,8,32,TN-BCH-2026038,2026-09-20,2026-11-04,ROOM_TEMP,2026-10-03T09:39:13.776Z,TAMIL_NADU_RETAIL_SYNTHETIC_DATA_V1,true
TN-SKU-0089,Osmania Salt Tea Biscuits 300g,Bakery products,Biscuits & Rusks,TN-SKU-0089,packet,Salem,Shevapet Wholesale Grain Market,SUP-TN-07,Nilgiris High-Range Organic Produce,45,70,9,15,60,TN-BCH-2026039,2026-09-06,2026-12-05,ROOM_TEMP,2026-10-03T09:39:13.776Z,TAMIL_NADU_RETAIL_SYNTHETIC_DATA_V1,true
TN-SKU-0090,Active Instant Dry Baking Yeast 100g,Bakery products,Baking Supplies,TN-SKU-0090,packet,Nilgiris,Ooty Municipal Market,SUP-TN-10,Oddanchatram Farm Logistics Network,33,52,43,15,60,TN-BCH-2026040,2026-08-10,2027-02-06,ROOM_TEMP,2026-10-03T09:39:13.776Z,TAMIL_NADU_RETAIL_SYNTHETIC_DATA_V1,true
TN-SKU-0091,Dutch Processed Cocoa Powder 250g Box,Bakery products,Baking Supplies,TN-SKU-0091,box,Coimbatore,RS Puram Trade Centre,SUP-TN-03,Cauvery Delta Farmers Collective,119,178,46,8,32,TN-BCH-2026041,2026-06-16,2027-06-16,ROOM_TEMP,2026-10-03T09:39:13.776Z,TAMIL_NADU_RETAIL_SYNTHETIC_DATA_V1,true
TN-SKU-0092,Tri-Color Tutti Frutti Papaya Cubes 500g,Bakery products,Baking Supplies,TN-SKU-0092,packet,Thanjavur,Kamaraj Daily Market,SUP-TN-06,Erode Turmeric & Agri Logistics,46,72,77,15,60,TN-BCH-2026042,2026-04-10,2026-10-07,ROOM_TEMP,2026-10-03T09:39:13.776Z,TAMIL_NADU_RETAIL_SYNTHETIC_DATA_V1,true
TN-SKU-0093,Erode Pure Ground Turmeric Powder (Manjal) 500g,Spices and condiments,Powdered Spices,TN-SKU-0093,packet,Cuddalore,Panruti Jackfruit & Cashew Market,SUP-TN-09,Thanjavur Grain & Rice Mills Depot,93,136,0,15,60,TN-BCH-2026043,2026-06-16,2027-06-16,ROOM_TEMP,2026-10-03T09:39:13.776Z,TAMIL_NADU_RETAIL_SYNTHETIC_DATA_V1,true
TN-SKU-0094,Guntur Dry Red Chilli Powder (Milagai Thool) 500g,Spices and condiments,Powdered Spices,TN-SKU-0094,packet,Tiruchirappalli,Gandhi Market Mandi,SUP-TN-02,Chennai Metro Spices & FMCG,126,179,111,15,60,TN-BCH-2026044,2026-06-16,2027-06-16,ROOM_TEMP,2026-10-03T09:39:13.776Z,TAMIL_NADU_RETAIL_SYNTHETIC_DATA_V1,true
TN-SKU-0095,Coriander Seed Powder (Malli Thool) 500g,Spices and condiments,Powdered Spices,TN-SKU-0095,packet,Dindigul,Oddanchatram Vegetable Market,SUP-TN-05,Salem Sago & Staples Traders,88,127,128,15,60,TN-BCH-2026045,2026-06-16,2027-06-16,ROOM_TEMP,2026-10-03T09:39:13.776Z,TAMIL_NADU_RETAIL_SYNTHETIC_DATA_V1,true
TN-SKU-0096,Chettinad Spicy Garam Masala Blend 200g,Spices and condiments,Masala Blends,TN-SKU-0096,packet,Coimbatore,MGR Wholesale Vegetable Mandi,SUP-TN-08,Nellai Wholesale Mandi Corporation,74,108,145,15,60,TN-BCH-2026046,2026-07-14,2027-04-10,ROOM_TEMP,2026-10-03T09:39:13.776Z,TAMIL_NADU_RETAIL_SYNTHETIC_DATA_V1,true
TN-SKU-0097,Whole Malabar Black Pepper (Milagu) 250g,Spices and condiments,Whole Spices,TN-SKU-0097,packet,Tiruppur,Thennampalayam Daily Market,SUP-TN-01,Kongu Agro Supplies,178,261,162,15,60,TN-BCH-2026047,2026-06-16,2027-06-16,ROOM_TEMP,2026-10-03T09:39:13.776Z,TAMIL_NADU_RETAIL_SYNTHETIC_DATA_V1,true
TN-SKU-0098,Aromatic Cumin Seeds (Jeeragam) 250g,Spices and condiments,Whole Spices,TN-SKU-0098,packet,Thoothukudi,VOC Port Salt & Provisions Terminal,SUP-TN-04,Madurai Meenakshi Dairy & Provisions,109,158,179,15,60,TN-BCH-2026048,2026-06-16,2027-06-16,ROOM_TEMP,2026-10-03T09:39:13.776Z,TAMIL_NADU_RETAIL_SYNTHETIC_DATA_V1,true
TN-SKU-0099,Mustard Seeds Tiny (Kadugu) 250g,Spices and condiments,Whole Spices,TN-SKU-0099,packet,Madurai,Simmakkal Wholesale Mandi,SUP-TN-07,Nilgiris High-Range Organic Produce,36,54,46,15,60,TN-BCH-2026049,2026-06-16,2027-06-16,ROOM_TEMP,2026-10-03T09:39:13.776Z,TAMIL_NADU_RETAIL_SYNTHETIC_DATA_V1,true
TN-SKU-0100,Fenugreek Seeds (Vendhayam) 250g,Spices and condiments,Whole Spices,TN-SKU-0100,packet,Vellore,Katpadi Wholesale Mandi,SUP-TN-10,Oddanchatram Farm Logistics Network,30,45,9,15,60,TN-BCH-2026050,2026-06-16,2027-06-16,ROOM_TEMP,2026-10-03T09:39:13.776Z,TAMIL_NADU_RETAIL_SYNTHETIC_DATA_V1,true
TN-SKU-0101,Compounded Asafoetida Powder (Perungayam) 50g,Spices and condiments,Seasonings,TN-SKU-0101,piece,Chennai,George Town Commodity Market,SUP-TN-03,Cauvery Delta Farmers Collective,40,57,66,8,32,TN-BCH-2026001,2026-06-16,2027-06-16,ROOM_TEMP,2026-10-03T09:39:13.776Z,TAMIL_NADU_RETAIL_SYNTHETIC_DATA_V1,true
TN-SKU-0102,Tuticorin Pure Iodized Salt 1kg Pouch,Spices and condiments,Salts,TN-SKU-0102,packet,Erode,Nethaji Daily Market,SUP-TN-06,Erode Turmeric & Agri Logistics,14,22,97,15,60,TN-BCH-2026002,,,ROOM_TEMP,2026-10-03T09:39:13.776Z,TAMIL_NADU_RETAIL_SYNTHETIC_DATA_V1,true
TN-SKU-0103,Tuticorin Natural Crystal Rock Salt (Kal Uppu) 1kg,Spices and condiments,Salts,TN-SKU-0103,packet,Theni,Chinnamanur Banana Auction Center,SUP-TN-09,Thanjavur Grain & Rice Mills Depot,9,16,114,15,60,TN-BCH-2026003,,,ROOM_TEMP,2026-10-03T09:39:13.776Z,TAMIL_NADU_RETAIL_SYNTHETIC_DATA_V1,true
TN-SKU-0104,Green Cardamom Extra Bold (Elaichi) 100g,Spices and condiments,Whole Spices,TN-SKU-0104,packet,Madurai,Mattuthavani Vegetable Market,SUP-TN-02,Chennai Metro Spices & FMCG,245,347,131,15,60,TN-BCH-2026004,2026-06-16,2027-06-16,ROOM_TEMP,2026-10-03T09:39:13.776Z,TAMIL_NADU_RETAIL_SYNTHETIC_DATA_V1,true
TN-SKU-0105,Cinnamon Bark Sticks (Dalchini) 100g,Spices and condiments,Whole Spices,TN-SKU-0105,packet,Tirunelveli,Nainar Kulam Wholesale Market,SUP-TN-05,Salem Sago & Staples Traders,59,86,148,15,60,TN-BCH-2026005,2025-10-07,2026-10-07,ROOM_TEMP,2026-10-03T09:39:13.776Z,TAMIL_NADU_RETAIL_SYNTHETIC_DATA_V1,true
TN-SKU-0106,Tamil Nadu Country Chicken (Naatu Kozhi) Cut,Meat and frozen food,Poultry,TN-SKU-0106,kg,Chennai,Koyambedu Wholesale Market,SUP-TN-08,Nellai Wholesale Mandi Corporation,330,433,165,15,60,TN-BCH-2026006,2026-10-03,2026-10-05,COLD_STORAGE,2026-10-03T09:39:13.776Z,TAMIL_NADU_RETAIL_SYNTHETIC_DATA_V1,true
TN-SKU-0107,Fresh Broiler Chicken Curry Cut Skinless,Meat and frozen food,Poultry,TN-SKU-0107,kg,Salem,Shevapet Wholesale Grain Market,SUP-TN-01,Kongu Agro Supplies,146,200,32,15,60,TN-BCH-2026007,2026-10-03,2026-10-05,COLD_STORAGE,2026-10-03T09:39:13.776Z,TAMIL_NADU_RETAIL_SYNTHETIC_DATA_V1,true
TN-SKU-0108,Fresh Mutton Bone-in Curry Cut,Meat and frozen food,Mutton,TN-SKU-0108,kg,Nilgiris,Ooty Municipal Market,SUP-TN-04,Madurai Meenakshi Dairy & Provisions,707,884,49,15,60,TN-BCH-2026008,2026-10-03,2026-10-05,COLD_STORAGE,2026-10-03T09:39:13.776Z,TAMIL_NADU_RETAIL_SYNTHETIC_DATA_V1,true
TN-SKU-0109,Rameshwaram Vanjaram (Seer Fish) Slices,Meat and frozen food,Fish & Seafood,TN-SKU-0109,kg,Coimbatore,RS Puram Trade Centre,SUP-TN-07,Nilgiris High-Range Organic Produce,662,883,66,15,60,TN-BCH-2026009,2026-09-24,2026-10-24,FROZEN,2026-10-03T09:39:13.776Z,TAMIL_NADU_RETAIL_SYNTHETIC_DATA_V1,true
TN-SKU-0110,Cuddalore Tiger Prawns Deveined 500g,Meat and frozen food,Fish & Seafood,TN-SKU-0110,packet,Thanjavur,Kamaraj Daily Market,SUP-TN-10,Oddanchatram Farm Logistics Network,357,494,83,15,60,TN-BCH-2026010,2026-09-15,2026-11-14,FROZEN,2026-10-03T09:39:13.776Z,TAMIL_NADU_RETAIL_SYNTHETIC_DATA_V1,true
TN-SKU-0111,Frozen Sweet Green Peas (Pattani) 1kg,Meat and frozen food,Frozen Veg,TN-SKU-0111,packet,Cuddalore,Panruti Jackfruit & Cashew Market,SUP-TN-03,Cauvery Delta Farmers Collective,102,149,9,15,60,TN-BCH-2026011,2026-08-10,2027-02-06,FROZEN,2026-10-03T09:39:13.776Z,TAMIL_NADU_RETAIL_SYNTHETIC_DATA_V1,true
TN-SKU-0112,Frozen American Sweet Corn Kernels 1kg,Meat and frozen food,Frozen Veg,TN-SKU-0112,packet,Tiruchirappalli,Gandhi Market Mandi,SUP-TN-06,Erode Turmeric & Agri Logistics,111,164,117,15,60,TN-BCH-2026012,2026-08-10,2027-02-06,FROZEN,2026-10-03T09:39:13.776Z,TAMIL_NADU_RETAIL_SYNTHETIC_DATA_V1,true
TN-SKU-0113,Frozen Crispy Veg Cocktail Samosas 500g,Meat and frozen food,Frozen Snacks,TN-SKU-0113,packet,Dindigul,Oddanchatram Vegetable Market,SUP-TN-09,Thanjavur Grain & Rice Mills Depot,80,122,134,15,60,TN-BCH-2026013,2026-08-28,2026-12-26,FROZEN,2026-10-03T09:39:13.776Z,TAMIL_NADU_RETAIL_SYNTHETIC_DATA_V1,true
TN-SKU-0114,Refined Sulphur-Free Crystal Sugar 1kg,Grocery and packaged foods,Sweeteners,TN-SKU-0114,packet,Coimbatore,MGR Wholesale Vegetable Mandi,SUP-TN-02,Chennai Metro Spices & FMCG,41,51,151,15,60,TN-BCH-2026014,,,ROOM_TEMP,2026-10-03T09:39:13.776Z,TAMIL_NADU_RETAIL_SYNTHETIC_DATA_V1,true
TN-SKU-0115,Tirunelveli Pure Palm Jaggery (Karupatti) 500g,Grocery and packaged foods,Sweeteners,TN-SKU-0115,packet,Tiruppur,Thennampalayam Daily Market,SUP-TN-05,Salem Sago & Staples Traders,133,200,168,15,60,TN-BCH-2026015,2026-08-10,2027-02-06,ROOM_TEMP,2026-10-03T09:39:13.776Z,TAMIL_NADU_RETAIL_SYNTHETIC_DATA_V1,true
TN-SKU-0116,Traditional Cane Jaggery Block (Mandai Vellam) 1kg,Grocery and packaged foods,Sweeteners,TN-SKU-0116,piece,Thoothukudi,VOC Port Salt & Provisions Terminal,SUP-TN-08,Nellai Wholesale Mandi Corporation,70,97,0,8,32,TN-BCH-2026016,2026-08-10,2027-02-06,ROOM_TEMP,2026-10-03T09:39:13.776Z,TAMIL_NADU_RETAIL_SYNTHETIC_DATA_V1,true
TN-SKU-0117,Dharmapuri Seedless Sour Tamarind (Puli) 500g,Grocery and packaged foods,Cooking Essentials,TN-SKU-0117,packet,Madurai,Simmakkal Wholesale Mandi,SUP-TN-01,Kongu Agro Supplies,91,139,52,15,60,TN-BCH-2026017,,,ROOM_TEMP,2026-10-03T09:39:13.776Z,TAMIL_NADU_RETAIL_SYNTHETIC_DATA_V1,true
TN-SKU-0118,Chettinad Special Crispy Appalam (Pack of 50),Grocery and packaged foods,Snacks & Papads,TN-SKU-0118,packet,Vellore,Katpadi Wholesale Mandi,SUP-TN-04,Madurai Meenakshi Dairy & Provisions,44,65,69,15,60,TN-BCH-2026018,2026-06-09,2026-10-07,ROOM_TEMP,2026-10-03T09:39:13.776Z,TAMIL_NADU_RETAIL_SYNTHETIC_DATA_V1,true
TN-SKU-0119,Cold Pressed Gingelly / Sesame Oil (Nallennai) 1L,Grocery and packaged foods,Edible Oils,TN-SKU-0119,piece,Chennai,George Town Commodity Market,SUP-TN-07,Nilgiris High-Range Organic Produce,252,330,72,8,32,TN-BCH-2026019,2026-07-23,2027-03-20,ROOM_TEMP,2026-10-03T09:39:13.776Z,TAMIL_NADU_RETAIL_SYNTHETIC_DATA_V1,true
TN-SKU-0120,Cold Pressed Groundnut Oil (Kadalai Ennai) 1L,Grocery and packaged foods,Edible Oils,TN-SKU-0120,piece,Erode,Nethaji Daily Market,SUP-TN-10,Oddanchatram Farm Logistics Network,204,270,89,8,32,TN-BCH-2026020,2026-02-02,2026-09-30,ROOM_TEMP,2026-10-03T09:39:13.776Z,TAMIL_NADU_RETAIL_SYNTHETIC_DATA_V1,true
TN-SKU-0121,Pure Filtered Coconut Oil (Thengai Ennai) 1L,Grocery and packaged foods,Edible Oils,TN-SKU-0121,piece,Theni,Chinnamanur Banana Auction Center,SUP-TN-03,Cauvery Delta Farmers Collective,206,279,106,8,32,TN-BCH-2026021,2026-07-23,2027-03-20,ROOM_TEMP,2026-10-03T09:39:13.776Z,TAMIL_NADU_RETAIL_SYNTHETIC_DATA_V1,true
TN-SKU-0122,Salem Fried Gram (Pottukadalai) 500g,Grocery and packaged foods,Cooking Essentials,TN-SKU-0122,packet,Madurai,Mattuthavani Vegetable Market,SUP-TN-06,Erode Turmeric & Agri Logistics,61,89,9,15,60,TN-BCH-2026022,2026-09-06,2026-12-05,ROOM_TEMP,2026-10-03T09:39:13.776Z,TAMIL_NADU_RETAIL_SYNTHETIC_DATA_V1,true
TN-SKU-0123,Raw Peanuts (Verkadalai) 500g,Grocery and packaged foods,Cooking Essentials,TN-SKU-0123,packet,Tirunelveli,Nainar Kulam Wholesale Market,SUP-TN-09,Thanjavur Grain & Rice Mills Depot,59,87,154,15,60,TN-BCH-2026023,2026-08-28,2026-12-26,ROOM_TEMP,2026-10-03T09:39:13.776Z,TAMIL_NADU_RETAIL_SYNTHETIC_DATA_V1,true
TN-SKU-0124,Roasted Wheat Vermicelli (Semiya) 500g,Grocery and packaged foods,Breakfast Staples,TN-SKU-0124,packet,Chennai,Koyambedu Wholesale Market,SUP-TN-02,Chennai Metro Spices & FMCG,36,54,171,15,60,TN-BCH-2026024,2026-08-10,2027-02-06,ROOM_TEMP,2026-10-03T09:39:13.776Z,TAMIL_NADU_RETAIL_SYNTHETIC_DATA_V1,true
TN-SKU-0125,Fresh Idli / Dosa Fermented Batter 1kg Pouch,Grocery and packaged foods,Fresh Staples,TN-SKU-0125,packet,Salem,Shevapet Wholesale Grain Market,SUP-TN-05,Salem Sago & Staples Traders,30,45,38,15,60,TN-BCH-2026025,2026-10-02,2026-10-07,COLD_STORAGE,2026-10-03T09:39:13.776Z,TAMIL_NADU_RETAIL_SYNTHETIC_DATA_V1,true
TN-SKU-0126,Country Tomato (Naatu Thakkali) (Grade-B),Vegetables,Fresh Produce,TN-SKU-0126,kg,Nilgiris,Ooty Municipal Market,SUP-TN-08,Nellai Wholesale Mandi Corporation,25,35,55,15,60,TN-BCH-2026026,2026-10-01,2026-10-08,ROOM_TEMP,2026-10-03T09:39:13.776Z,TAMIL_NADU_RETAIL_SYNTHETIC_DATA_V1,true
TN-SKU-0127,Hybrid Red Tomato (Bangalore Thakkali) (Grade-B),Vegetables,Fresh Produce,TN-SKU-0127,kg,Coimbatore,RS Puram Trade Centre,SUP-TN-01,Kongu Agro Supplies,24,35,72,15,60,TN-BCH-2026027,2026-10-01,2026-10-10,ROOM_TEMP,2026-10-03T09:39:13.776Z,TAMIL_NADU_RETAIL_SYNTHETIC_DATA_V1,true
TN-SKU-0128,Salem Big Red Onion (Vengayam) (Grade-B),Vegetables,Fresh Produce,TN-SKU-0128,kg,Thanjavur,Kamaraj Daily Market,SUP-TN-04,Madurai Meenakshi Dairy & Provisions,28,41,89,15,60,TN-BCH-2026028,2026-09-27,2026-10-17,DRY_VENTILATED,2026-10-03T09:39:13.776Z,TAMIL_NADU_RETAIL_SYNTHETIC_DATA_V1,true
TN-SKU-0129,Perambalur Small Shallots (Chinna Vengayam) (Grade-B),Vegetables,Fresh Produce,TN-SKU-0129,kg,Cuddalore,Panruti Jackfruit & Cashew Market,SUP-TN-07,Nilgiris High-Range Organic Produce,56,80,106,15,60,TN-BCH-2026029,2026-09-28,2026-10-16,DRY_VENTILATED,2026-10-03T09:39:13.776Z,TAMIL_NADU_RETAIL_SYNTHETIC_DATA_V1,true
TN-SKU-0130,Nilgiris Fresh Ooty Carrot (Grade-B),Vegetables,Fresh Produce,TN-SKU-0130,kg,Tiruchirappalli,Gandhi Market Mandi,SUP-TN-10,Oddanchatram Farm Logistics Network,38,56,123,15,60,TN-BCH-2026030,2026-09-30,2026-10-12,COLD_STORAGE,2026-10-03T09:39:13.776Z,TAMIL_NADU_RETAIL_SYNTHETIC_DATA_V1,true
TN-SKU-0131,Kodaikanal Special Potato (Urulaikizhangu) (Grade-B),Vegetables,Fresh Produce,TN-SKU-0131,kg,Dindigul,Oddanchatram Vegetable Market,SUP-TN-03,Cauvery Delta Farmers Collective,27,39,140,15,60,TN-BCH-2026031,2026-09-07,2026-10-07,DRY_VENTILATED,2026-10-03T09:39:13.776Z,TAMIL_NADU_RETAIL_SYNTHETIC_DATA_V1,true
TN-SKU-0132,Madurai Round Purple Brinjal (Kathirikai) (Grade-B),Vegetables,Fresh Produce,TN-SKU-0132,kg,Coimbatore,MGR Wholesale Vegetable Mandi,SUP-TN-06,Erode Turmeric & Agri Logistics,27,41,157,15,60,TN-BCH-2026032,2026-10-02,2026-10-08,ROOM_TEMP,2026-10-03T09:39:13.776Z,TAMIL_NADU_RETAIL_SYNTHETIC_DATA_V1,true
TN-SKU-0133,Tirunelveli Green Chilli (Pachai Milagai) (Grade-B),Vegetables,Fresh Produce,TN-SKU-0133,kg,Tiruppur,Thennampalayam Daily Market,SUP-TN-09,Thanjavur Grain & Rice Mills Depot,50,73,9,15,60,TN-BCH-2026033,2026-09-30,2026-10-10,COLD_STORAGE,2026-10-03T09:39:13.776Z,TAMIL_NADU_RETAIL_SYNTHETIC_DATA_V1,true
TN-SKU-0134,Thanjavur Country Drumstick (Murungakkai) (Grade-B),Vegetables,Fresh Produce,TN-SKU-0134,kg,Thoothukudi,VOC Port Salt & Provisions Terminal,SUP-TN-02,Chennai Metro Spices & FMCG,46,69,41,15,60,TN-BCH-2026034,2026-10-01,2026-10-08,ROOM_TEMP,2026-10-03T09:39:13.776Z,TAMIL_NADU_RETAIL_SYNTHETIC_DATA_V1,true
TN-SKU-0135,Oddanchatram Tender Okra (Vendakkai) (Grade-B),Vegetables,Fresh Produce,TN-SKU-0135,kg,Madurai,Simmakkal Wholesale Mandi,SUP-TN-05,Salem Sago & Staples Traders,36,53,58,15,60,TN-BCH-2026035,2026-10-02,2026-10-07,ROOM_TEMP,2026-10-03T09:39:13.776Z,TAMIL_NADU_RETAIL_SYNTHETIC_DATA_V1,true
TN-SKU-0136,Hosur Fresh Green Cabbage (Grade-B),Vegetables,Fresh Produce,TN-SKU-0136,kg,Vellore,Katpadi Wholesale Mandi,SUP-TN-08,Nellai Wholesale Mandi Corporation,19,28,75,15,60,TN-BCH-2026036,2026-09-29,2026-10-13,COLD_STORAGE,2026-10-03T09:39:13.776Z,TAMIL_NADU_RETAIL_SYNTHETIC_DATA_V1,true
TN-SKU-0137,Hosur Compact White Cauliflower (Grade-B),Vegetables,Fresh Produce,TN-SKU-0137,piece,Chennai,George Town Commodity Market,SUP-TN-01,Kongu Agro Supplies,27,42,78,8,32,TN-BCH-2026037,2026-09-23,2026-09-30,COLD_STORAGE,2026-10-03T09:39:13.776Z,TAMIL_NADU_RETAIL_SYNTHETIC_DATA_V1,true
TN-SKU-0138,Ooty Tender French Beans (Grade-B),Vegetables,Fresh Produce,TN-SKU-0138,kg,Erode,Nethaji Daily Market,SUP-TN-04,Madurai Meenakshi Dairy & Provisions,47,71,109,15,60,TN-BCH-2026038,2026-10-01,2026-10-09,COLD_STORAGE,2026-10-03T09:39:13.776Z,TAMIL_NADU_RETAIL_SYNTHETIC_DATA_V1,true
TN-SKU-0139,Kovakkai (Ivy Gourd) (Grade-B),Vegetables,Fresh Produce,TN-SKU-0139,kg,Theni,Chinnamanur Banana Auction Center,SUP-TN-07,Nilgiris High-Range Organic Produce,30,45,0,15,60,TN-BCH-2026039,2026-10-01,2026-10-08,ROOM_TEMP,2026-10-03T09:39:13.776Z,TAMIL_NADU_RETAIL_SYNTHETIC_DATA_V1,true
TN-SKU-0140,Snake Gourd (Pudalangai) (Grade-B),Vegetables,Fresh Produce,TN-SKU-0140,kg,Madurai,Mattuthavani Vegetable Market,SUP-TN-10,Oddanchatram Farm Logistics Network,21,33,143,15,60,TN-BCH-2026040,2026-10-02,2026-10-08,ROOM_TEMP,2026-10-03T09:39:13.776Z,TAMIL_NADU_RETAIL_SYNTHETIC_DATA_V1,true
TN-SKU-0141,Ridge Gourd (Peerkangai) (Grade-B),Vegetables,Fresh Produce,TN-SKU-0141,kg,Tirunelveli,Nainar Kulam Wholesale Market,SUP-TN-03,Cauvery Delta Farmers Collective,35,52,160,15,60,TN-BCH-2026041,2026-10-02,2026-10-08,ROOM_TEMP,2026-10-03T09:39:13.776Z,TAMIL_NADU_RETAIL_SYNTHETIC_DATA_V1,true
TN-SKU-0142,Bitter Gourd (Pavakkai) (Grade-B),Vegetables,Fresh Produce,TN-SKU-0142,kg,Chennai,Koyambedu Wholesale Market,SUP-TN-06,Erode Turmeric & Agri Logistics,35,50,177,15,60,TN-BCH-2026042,2026-10-01,2026-10-09,ROOM_TEMP,2026-10-03T09:39:13.776Z,TAMIL_NADU_RETAIL_SYNTHETIC_DATA_V1,true
TN-SKU-0143,Fresh Ginger (Inji) (Grade-B),Vegetables,Fresh Produce,TN-SKU-0143,kg,Salem,Shevapet Wholesale Grain Market,SUP-TN-09,Thanjavur Grain & Rice Mills Depot,93,131,44,15,60,TN-BCH-2026043,2026-09-26,2026-10-21,DRY_VENTILATED,2026-10-03T09:39:13.776Z,TAMIL_NADU_RETAIL_SYNTHETIC_DATA_V1,true
TN-SKU-0144,Country Garlic (Naatu Poondu) (Grade-B),Vegetables,Fresh Produce,TN-SKU-0144,kg,Nilgiris,Ooty Municipal Market,SUP-TN-02,Chennai Metro Spices & FMCG,155,213,9,15,60,TN-BCH-2026044,,,DRY_VENTILATED,2026-10-03T09:39:13.776Z,TAMIL_NADU_RETAIL_SYNTHETIC_DATA_V1,true
TN-SKU-0145,Fresh Curry Leaves (Karuveppilai) (Grade-B),Vegetables,Herbs,TN-SKU-0145,kg,Coimbatore,RS Puram Trade Centre,SUP-TN-05,Salem Sago & Staples Traders,28,50,78,15,60,TN-BCH-2026045,2026-10-02,2026-10-06,COLD_STORAGE,2026-10-03T09:39:13.776Z,TAMIL_NADU_RETAIL_SYNTHETIC_DATA_V1,true
TN-SKU-0146,Fresh Coriander Leaves (Kothamalli) (Grade-B),Vegetables,Herbs,TN-SKU-0146,kg,Thanjavur,Kamaraj Daily Market,SUP-TN-08,Nellai Wholesale Mandi Corporation,29,54,95,15,60,TN-BCH-2026046,2026-10-02,2026-10-06,COLD_STORAGE,2026-10-03T09:39:13.776Z,TAMIL_NADU_RETAIL_SYNTHETIC_DATA_V1,true
TN-SKU-0147,Fresh Mint Leaves (Pudina) (Grade-B),Vegetables,Herbs,TN-SKU-0147,kg,Cuddalore,Panruti Jackfruit & Cashew Market,SUP-TN-01,Kongu Agro Supplies,31,56,112,15,60,TN-BCH-2026047,2026-10-02,2026-10-06,COLD_STORAGE,2026-10-03T09:39:13.776Z,TAMIL_NADU_RETAIL_SYNTHETIC_DATA_V1,true
TN-SKU-0148,Raw Cooking Banana (Vazhaikkai) (Grade-B),Vegetables,Fresh Produce,TN-SKU-0148,piece,Tiruchirappalli,Gandhi Market Mandi,SUP-TN-04,Madurai Meenakshi Dairy & Provisions,6,10,115,8,32,TN-BCH-2026048,2026-09-30,2026-10-10,ROOM_TEMP,2026-10-03T09:39:13.776Z,TAMIL_NADU_RETAIL_SYNTHETIC_DATA_V1,true
TN-SKU-0149,Ash Gourd (Poosanikkai) (Grade-B),Vegetables,Fresh Produce,TN-SKU-0149,kg,Dindigul,Oddanchatram Vegetable Market,SUP-TN-07,Nilgiris High-Range Organic Produce,20,34,146,15,60,TN-BCH-2026049,2026-09-26,2026-10-21,ROOM_TEMP,2026-10-03T09:39:13.776Z,TAMIL_NADU_RETAIL_SYNTHETIC_DATA_V1,true
TN-SKU-0150,Salem Malgova Mango (Grade-B),Fruits,Seasonal Fruits,TN-SKU-0150,kg,Coimbatore,MGR Wholesale Vegetable Mandi,SUP-TN-10,Oddanchatram Farm Logistics Network,110,160,163,15,60,TN-BCH-2026050,2026-10-01,2026-10-09,ROOM_TEMP,2026-10-03T09:39:13.776Z,TAMIL_NADU_RETAIL_SYNTHETIC_DATA_V1,true
TN-SKU-0151,Dharmapuri Alphonso Mango (Grade-B),Fruits,Seasonal Fruits,TN-SKU-0151,kg,Tiruppur,Thennampalayam Daily Market,SUP-TN-03,Cauvery Delta Farmers Collective,114,167,30,15,60,TN-BCH-2026001,2026-10-01,2026-10-08,ROOM_TEMP,2026-10-03T09:39:13.776Z,TAMIL_NADU_RETAIL_SYNTHETIC_DATA_V1,true
TN-SKU-0152,Trichy Poovan Banana (Grade-B),Fruits,Fresh Fruits,TN-SKU-0152,dozen,Thoothukudi,VOC Port Salt & Provisions Terminal,SUP-TN-06,Erode Turmeric & Agri Logistics,40,61,47,15,60,TN-BCH-2026002,2026-10-02,2026-10-08,ROOM_TEMP,2026-10-03T09:39:13.776Z,TAMIL_NADU_RETAIL_SYNTHETIC_DATA_V1,true
TN-SKU-0153,Theni Red Banana (Sevvazhai) (Grade-B),Fruits,Fresh Fruits,TN-SKU-0153,dozen,Madurai,Simmakkal Wholesale Mandi,SUP-TN-09,Thanjavur Grain & Rice Mills Depot,67,98,64,15,60,TN-BCH-2026003,2026-10-02,2026-10-08,ROOM_TEMP,2026-10-03T09:39:13.776Z,TAMIL_NADU_RETAIL_SYNTHETIC_DATA_V1,true
TN-SKU-0154,Pollachi Robusta Green Banana (Grade-B),Fruits,Fresh Fruits,TN-SKU-0154,kg,Vellore,Katpadi Wholesale Mandi,SUP-TN-02,Chennai Metro Spices & FMCG,29,43,81,15,60,TN-BCH-2026004,2026-09-23,2026-09-30,ROOM_TEMP,2026-10-03T09:39:13.776Z,TAMIL_NADU_RETAIL_SYNTHETIC_DATA_V1,true
TN-SKU-0155,Dindigul Country Pink Guava (Koyya) (Grade-B),Fruits,Fresh Fruits,TN-SKU-0155,kg,Chennai,George Town Commodity Market,SUP-TN-05,Salem Sago & Staples Traders,41,63,9,15,60,TN-BCH-2026005,2026-10-02,2026-10-07,ROOM_TEMP,2026-10-03T09:39:13.776Z,TAMIL_NADU_RETAIL_SYNTHETIC_DATA_V1,true
TN-SKU-0156,Panruti Honey Jackfruit Pods (Pala Pazham) (Grade-B),Fruits,Fresh Fruits,TN-SKU-0156,packet,Erode,Nethaji Daily Market,SUP-TN-08,Nellai Wholesale Mandi Corporation,62,93,115,15,60,TN-BCH-2026006,2026-10-02,2026-10-06,COLD_STORAGE,2026-10-03T09:39:13.776Z,TAMIL_NADU_RETAIL_SYNTHETIC_DATA_V1,true
TN-SKU-0157,Madurai Striped Sweet Watermelon (Grade-B),Fruits,Fresh Fruits,TN-SKU-0157,kg,Theni,Chinnamanur Banana Auction Center,SUP-TN-01,Kongu Agro Supplies,13,23,132,15,60,TN-BCH-2026007,2026-09-23,2026-10-07,ROOM_TEMP,2026-10-03T09:39:13.776Z,TAMIL_NADU_RETAIL_SYNTHETIC_DATA_V1,true
TN-SKU-0158,Erode Ripe Red Papaya (Grade-B),Fruits,Fresh Fruits,TN-SKU-0158,kg,Madurai,Mattuthavani Vegetable Market,SUP-TN-04,Madurai Meenakshi Dairy & Provisions,23,40,149,15,60,TN-BCH-2026008,2026-10-02,2026-10-07,ROOM_TEMP,2026-10-03T09:39:13.776Z,TAMIL_NADU_RETAIL_SYNTHETIC_DATA_V1,true
TN-SKU-0159,Nagapattinam Sweet Lime (Sathukudi) (Grade-B),Fruits,Fresh Fruits,TN-SKU-0159,kg,Tirunelveli,Nainar Kulam Wholesale Market,SUP-TN-07,Nilgiris High-Range Organic Produce,46,69,166,15,60,TN-BCH-2026009,2026-09-30,2026-10-12,ROOM_TEMP,2026-10-03T09:39:13.776Z,TAMIL_NADU_RETAIL_SYNTHETIC_DATA_V1,true
TN-SKU-0160,Kodai Mandarins / Oranges (Grade-B),Fruits,Fresh Fruits,TN-SKU-0160,kg,Chennai,Koyambedu Wholesale Market,SUP-TN-10,Oddanchatram Farm Logistics Network,74,110,33,15,60,TN-BCH-2026010,2026-09-30,2026-10-12,COLD_STORAGE,2026-10-03T09:39:13.776Z,TAMIL_NADU_RETAIL_SYNTHETIC_DATA_V1,true
TN-SKU-0161,Ruby Red Pomegranate (Mathulai) (Grade-B),Fruits,Fresh Fruits,TN-SKU-0161,kg,Salem,Shevapet Wholesale Grain Market,SUP-TN-03,Cauvery Delta Farmers Collective,121,172,50,15,60,TN-BCH-2026011,2026-09-28,2026-10-16,COLD_STORAGE,2026-10-03T09:39:13.776Z,TAMIL_NADU_RETAIL_SYNTHETIC_DATA_V1,true
TN-SKU-0162,Dindigul Sapota (Chikoo) (Grade-B),Fruits,Fresh Fruits,TN-SKU-0162,kg,Nilgiris,Ooty Municipal Market,SUP-TN-06,Erode Turmeric & Agri Logistics,37,58,0,15,60,TN-BCH-2026012,2026-10-02,2026-10-07,ROOM_TEMP,2026-10-03T09:39:13.776Z,TAMIL_NADU_RETAIL_SYNTHETIC_DATA_V1,true
TN-SKU-0163,Theni Paneer Drakshi (Black Grapes) (Grade-B),Fruits,Fresh Fruits,TN-SKU-0163,kg,Coimbatore,RS Puram Trade Centre,SUP-TN-09,Thanjavur Grain & Rice Mills Depot,61,89,84,15,60,TN-BCH-2026013,2026-10-01,2026-10-09,COLD_STORAGE,2026-10-03T09:39:13.776Z,TAMIL_NADU_RETAIL_SYNTHETIC_DATA_V1,true
TN-SKU-0164,Pollachi Tender Coconut (Elaneer) (Grade-B),Beverages,Natural Beverages,TN-SKU-0164,piece,Thanjavur,Kamaraj Daily Market,SUP-TN-02,Chennai Metro Spices & FMCG,37,54,87,8,32,TN-BCH-2026014,2026-10-01,2026-10-08,ROOM_TEMP,2026-10-03T09:39:13.776Z,TAMIL_NADU_RETAIL_SYNTHETIC_DATA_V1,true
TN-SKU-0165,Nilgiris Strong CTC Dust Tea 500g (Grade-B),Beverages,Tea & Coffee,TN-SKU-0165,packet,Cuddalore,Panruti Jackfruit & Cashew Market,SUP-TN-05,Salem Sago & Staples Traders,133,185,118,15,60,TN-BCH-2026015,2026-06-16,2027-06-16,ROOM_TEMP,2026-10-03T09:39:13.776Z,TAMIL_NADU_RETAIL_SYNTHETIC_DATA_V1,true
TN-SKU-0166,Kumbakonam Special Degree Coffee Powder 500g (Grade-B),Beverages,Tea & Coffee,TN-SKU-0166,packet,Tiruchirappalli,Gandhi Market Mandi,SUP-TN-08,Nellai Wholesale Mandi Corporation,238,319,9,15,60,TN-BCH-2026016,2026-08-10,2027-02-06,ROOM_TEMP,2026-10-03T09:39:13.776Z,TAMIL_NADU_RETAIL_SYNTHETIC_DATA_V1,true
TN-SKU-0167,Bovonto Heritage Grape Soda 600ml (Grade-B),Beverages,Soft Drinks,TN-SKU-0167,piece,Dindigul,Oddanchatram Vegetable Market,SUP-TN-01,Kongu Agro Supplies,25,36,138,8,32,TN-BCH-2026017,2026-08-10,2027-02-06,ROOM_TEMP,2026-10-03T09:39:13.776Z,TAMIL_NADU_RETAIL_SYNTHETIC_DATA_V1,true
TN-SKU-0168,Torino Orange Carbonated Drink 500ml (Grade-B),Beverages,Soft Drinks,TN-SKU-0168,piece,Coimbatore,MGR Wholesale Vegetable Mandi,SUP-TN-04,Madurai Meenakshi Dairy & Provisions,26,38,155,8,32,TN-BCH-2026018,2026-08-10,2027-02-06,ROOM_TEMP,2026-10-03T09:39:13.776Z,TAMIL_NADU_RETAIL_SYNTHETIC_DATA_V1,true
TN-SKU-0169,Aavin Badam Flavoured Milk 200ml Tetra (Grade-B),Beverages,Packaged Drinks,TN-SKU-0169,piece,Tiruppur,Thennampalayam Daily Market,SUP-TN-07,Nilgiris High-Range Organic Produce,21,29,22,8,32,TN-BCH-2026019,2026-08-28,2026-12-26,ROOM_TEMP,2026-10-03T09:39:13.776Z,TAMIL_NADU_RETAIL_SYNTHETIC_DATA_V1,true
TN-SKU-0170,Alangudi Nannari Sharbat Syrup 750ml (Grade-B),Beverages,Syrups,TN-SKU-0170,piece,Thoothukudi,VOC Port Salt & Provisions Terminal,SUP-TN-10,Oddanchatram Farm Logistics Network,99,149,39,8,32,TN-BCH-2026020,2026-02-09,2026-10-07,ROOM_TEMP,2026-10-03T09:39:13.776Z,TAMIL_NADU_RETAIL_SYNTHETIC_DATA_V1,true
TN-SKU-0171,Packaged Spring Water 1 Litre Bottle (Grade-B),Beverages,Packaged Water,TN-SKU-0171,piece,Madurai,Simmakkal Wholesale Mandi,SUP-TN-03,Cauvery Delta Farmers Collective,10,20,56,8,32,TN-BCH-2026021,2025-09-30,2026-09-30,ROOM_TEMP,2026-10-03T09:39:13.776Z,TAMIL_NADU_RETAIL_SYNTHETIC_DATA_V1,true
TN-SKU-0172,Madurai Spiced Masala Buttermilk 200ml (Grade-B),Beverages,Packaged Drinks,TN-SKU-0172,packet,Vellore,Katpadi Wholesale Mandi,SUP-TN-06,Erode Turmeric & Agri Logistics,12,20,87,15,60,TN-BCH-2026022,2026-10-02,2026-10-07,COLD_STORAGE,2026-10-03T09:39:13.776Z,TAMIL_NADU_RETAIL_SYNTHETIC_DATA_V1,true
TN-SKU-0173,Filter Coffee Liquid Decoction 200ml Pouch (Grade-B),Beverages,Tea & Coffee,TN-SKU-0173,packet,Chennai,George Town Commodity Market,SUP-TN-09,Thanjavur Grain & Rice Mills Depot,45,64,104,15,60,TN-BCH-2026023,2026-09-24,2026-10-24,COLD_STORAGE,2026-10-03T09:39:13.776Z,TAMIL_NADU_RETAIL_SYNTHETIC_DATA_V1,true
TN-SKU-0174,Classic Sesame Burger Buns (Pack of 6) (Grade-B),Fast-food ingredients,Bakery Staples,TN-SKU-0174,packet,Erode,Nethaji Daily Market,SUP-TN-02,Chennai Metro Spices & FMCG,43,62,121,15,60,TN-BCH-2026024,2026-10-02,2026-10-07,ROOM_TEMP,2026-10-03T09:39:13.776Z,TAMIL_NADU_RETAIL_SYNTHETIC_DATA_V1,true
TN-SKU-0175,8-Inch Pre-Baked Pizza Crust (Pack of 2) (Grade-B),Fast-food ingredients,Bakery Staples,TN-SKU-0175,packet,Theni,Chinnamanur Banana Auction Center,SUP-TN-05,Salem Sago & Staples Traders,42,65,138,15,60,TN-BCH-2026025,2026-10-02,2026-10-08,ROOM_TEMP,2026-10-03T09:39:13.776Z,TAMIL_NADU_RETAIL_SYNTHETIC_DATA_V1,true
TN-SKU-0176,Mozzarella Pizza Cheese Block 1kg (Grade-B),Fast-food ingredients,Dairy Staples,TN-SKU-0176,kg,Madurai,Mattuthavani Vegetable Market,SUP-TN-08,Nellai Wholesale Mandi Corporation,317,422,155,15,60,TN-BCH-2026026,2026-09-15,2026-11-14,COLD_STORAGE,2026-10-03T09:39:13.776Z,TAMIL_NADU_RETAIL_SYNTHETIC_DATA_V1,true
TN-SKU-0177,Eggless Premium Mayonnaise 1kg Pouch (Grade-B),Fast-food ingredients,Sauces & Dressings,TN-SKU-0177,packet,Tirunelveli,Nainar Kulam Wholesale Market,SUP-TN-01,Kongu Agro Supplies,126,182,9,15,60,TN-BCH-2026027,2026-08-28,2026-12-26,ROOM_TEMP,2026-10-03T09:39:13.776Z,TAMIL_NADU_RETAIL_SYNTHETIC_DATA_V1,true
TN-SKU-0178,Spicy Peri Peri Seasoning 500g Jar (Grade-B),Fast-food ingredients,Seasonings,TN-SKU-0178,packet,Chennai,Koyambedu Wholesale Market,SUP-TN-04,Madurai Meenakshi Dairy & Provisions,125,187,39,15,60,TN-BCH-2026028,2026-07-23,2027-03-20,ROOM_TEMP,2026-10-03T09:39:13.776Z,TAMIL_NADU_RETAIL_SYNTHETIC_DATA_V1,true
TN-SKU-0179,Frozen Crisp French Fries 9mm 1kg (Grade-B),Fast-food ingredients,Frozen Foods,TN-SKU-0179,packet,Salem,Shevapet Wholesale Grain Market,SUP-TN-07,Nilgiris High-Range Organic Produce,117,168,56,15,60,TN-BCH-2026029,2026-08-10,2027-02-06,FROZEN,2026-10-03T09:39:13.776Z,TAMIL_NADU_RETAIL_SYNTHETIC_DATA_V1,true
TN-SKU-0180,Frozen Vegetable Burger Patties 1kg (Grade-B),Fast-food ingredients,Frozen Foods,TN-SKU-0180,packet,Nilgiris,Ooty Municipal Market,SUP-TN-10,Oddanchatram Farm Logistics Network,144,207,73,15,60,TN-BCH-2026030,2026-08-10,2027-02-06,FROZEN,2026-10-03T09:39:13.776Z,TAMIL_NADU_RETAIL_SYNTHETIC_DATA_V1,true
TN-SKU-0181,Durum Wheat Penne Rigate Pasta 1kg (Grade-B),Fast-food ingredients,Pasta & Noodles,TN-SKU-0181,packet,Coimbatore,RS Puram Trade Centre,SUP-TN-03,Cauvery Delta Farmers Collective,93,139,90,15,60,TN-BCH-2026031,2026-06-16,2027-06-16,ROOM_TEMP,2026-10-03T09:39:13.776Z,TAMIL_NADU_RETAIL_SYNTHETIC_DATA_V1,true
TN-SKU-0182,Authentic Hakka Chinese Noodles 500g (Grade-B),Fast-food ingredients,Pasta & Noodles,TN-SKU-0182,packet,Thanjavur,Kamaraj Daily Market,SUP-TN-06,Erode Turmeric & Agri Logistics,35,55,107,15,60,TN-BCH-2026032,2026-08-10,2027-02-06,ROOM_TEMP,2026-10-03T09:39:13.776Z,TAMIL_NADU_RETAIL_SYNTHETIC_DATA_V1,true
TN-SKU-0183,Refined Sunflower Cooking Oil 15L Commercial Tin (Grade-B),Fast-food ingredients,Oils,TN-SKU-0183,piece,Cuddalore,Panruti Jackfruit & Cashew Market,SUP-TN-09,Thanjavur Grain & Rice Mills Depot,1924,2236,110,8,32,TN-BCH-2026033,2026-01-10,2026-10-07,ROOM_TEMP,2026-10-03T09:39:13.776Z,TAMIL_NADU_RETAIL_SYNTHETIC_DATA_V1,true
TN-SKU-0184,Rich Tomato Puree / Sauce 1.2kg Can (Grade-B),Fast-food ingredients,Sauces & Dressings,TN-SKU-0184,piece,Tiruchirappalli,Gandhi Market Mandi,SUP-TN-02,Chennai Metro Spices & FMCG,69,101,127,8,32,TN-BCH-2026034,2026-06-16,2027-06-16,ROOM_TEMP,2026-10-03T09:39:13.776Z,TAMIL_NADU_RETAIL_SYNTHETIC_DATA_V1,true
TN-SKU-0185,Tanjore Deluxe Ponni Boiled Rice 25kg Bag (Grade-B),Grains and staples,Rice,TN-SKU-0185,box,Dindigul,Oddanchatram Vegetable Market,SUP-TN-05,Salem Sago & Staples Traders,1418,1733,0,8,32,TN-BCH-2026035,,,DRY_VENTILATED,2026-10-03T09:39:13.776Z,TAMIL_NADU_RETAIL_SYNTHETIC_DATA_V1,true
TN-SKU-0186,Thanjavur Kuruvai Raw Rice 25kg Bag (Grade-B),Grains and staples,Rice,TN-SKU-0186,box,Coimbatore,MGR Wholesale Vegetable Mandi,SUP-TN-08,Nellai Wholesale Mandi Corporation,1116,1376,161,8,32,TN-BCH-2026036,,,DRY_VENTILATED,2026-10-03T09:39:13.776Z,TAMIL_NADU_RETAIL_SYNTHETIC_DATA_V1,true
TN-SKU-0187,Seeraga Samba Traditional Biryani Rice 5kg (Grade-B),Grains and staples,Rice,TN-SKU-0187,packet,Tiruppur,Thennampalayam Daily Market,SUP-TN-01,Kongu Agro Supplies,551,721,42,15,60,TN-BCH-2026037,,,DRY_VENTILATED,2026-10-03T09:39:13.776Z,TAMIL_NADU_RETAIL_SYNTHETIC_DATA_V1,true
TN-SKU-0188,Sharbati Whole Wheat Atta 10kg Bag (Grade-B),Grains and staples,Flours,TN-SKU-0188,packet,Thoothukudi,VOC Port Salt & Provisions Terminal,SUP-TN-04,Madurai Meenakshi Dairy & Provisions,385,489,9,15,60,TN-BCH-2026038,2026-07-02,2026-09-30,DRY_VENTILATED,2026-10-03T09:39:13.776Z,TAMIL_NADU_RETAIL_SYNTHETIC_DATA_V1,true
TN-SKU-0189,Superior Quality Maida Flour 5kg (Grade-B),Grains and staples,Flours,TN-SKU-0189,packet,Madurai,Simmakkal Wholesale Mandi,SUP-TN-07,Nilgiris High-Range Organic Produce,193,257,76,15,60,TN-BCH-2026039,2026-09-06,2026-12-05,DRY_VENTILATED,2026-10-03T09:39:13.776Z,TAMIL_NADU_RETAIL_SYNTHETIC_DATA_V1,true
TN-SKU-0190,Roasted Sooji Rava 1kg (Grade-B),Grains and staples,Flours,TN-SKU-0190,packet,Vellore,Katpadi Wholesale Mandi,SUP-TN-10,Oddanchatram Farm Logistics Network,40,57,93,15,60,TN-BCH-2026040,2026-09-06,2026-12-05,DRY_VENTILATED,2026-10-03T09:39:13.776Z,TAMIL_NADU_RETAIL_SYNTHETIC_DATA_V1,true
TN-SKU-0191,Erode Premium Toor Dal (Thuvaram Paruppu) 1kg (Grade-B),Grains and staples,Pulses & Lentils,TN-SKU-0191,kg,Chennai,George Town Commodity Market,SUP-TN-03,Cauvery Delta Farmers Collective,146,189,110,15,60,TN-BCH-2026041,,,DRY_VENTILATED,2026-10-03T09:39:13.776Z,TAMIL_NADU_RETAIL_SYNTHETIC_DATA_V1,true
TN-SKU-0192,Nellai Special Urad Dal Gota (Ulunthu) 1kg (Grade-B),Grains and staples,Pulses & Lentils,TN-SKU-0192,kg,Erode,Nethaji Daily Market,SUP-TN-06,Erode Turmeric & Agri Logistics,115,154,127,15,60,TN-BCH-2026042,,,DRY_VENTILATED,2026-10-03T09:39:13.776Z,TAMIL_NADU_RETAIL_SYNTHETIC_DATA_V1,true
TN-SKU-0193,Yellow Moong Dal Split (Paasi Paruppu) 1kg (Grade-B),Grains and staples,Pulses & Lentils,TN-SKU-0193,kg,Theni,Chinnamanur Banana Auction Center,SUP-TN-09,Thanjavur Grain & Rice Mills Depot,114,153,144,15,60,TN-BCH-2026043,,,DRY_VENTILATED,2026-10-03T09:39:13.776Z,TAMIL_NADU_RETAIL_SYNTHETIC_DATA_V1,true
TN-SKU-0194,Bengal Gram Chana Dal (Kadalai Paruppu) 1kg (Grade-B),Grains and staples,Pulses & Lentils,TN-SKU-0194,kg,Madurai,Mattuthavani Vegetable Market,SUP-TN-02,Chennai Metro Spices & FMCG,80,107,161,15,60,TN-BCH-2026044,,,DRY_VENTILATED,2026-10-03T09:39:13.776Z,TAMIL_NADU_RETAIL_SYNTHETIC_DATA_V1,true
TN-SKU-0195,Whole Green Gram (Pachai Payaru) 1kg (Grade-B),Grains and staples,Pulses & Lentils,TN-SKU-0195,kg,Tirunelveli,Nainar Kulam Wholesale Market,SUP-TN-05,Salem Sago & Staples Traders,108,145,178,15,60,TN-BCH-2026045,,,DRY_VENTILATED,2026-10-03T09:39:13.776Z,TAMIL_NADU_RETAIL_SYNTHETIC_DATA_V1,true
TN-SKU-0196,Organic Finger Millet Flour (Kezhvaragu / Ragi) 1kg (Grade-B),Grains and staples,Millets,TN-SKU-0196,packet,Chennai,Koyambedu Wholesale Market,SUP-TN-08,Nellai Wholesale Mandi Corporation,47,69,45,15,60,TN-BCH-2026046,2026-06-09,2026-10-07,DRY_VENTILATED,2026-10-03T09:39:13.776Z,TAMIL_NADU_RETAIL_SYNTHETIC_DATA_V1,true
TN-SKU-0197,Kodo Millet Rice (Varagu Arisi) 1kg (Grade-B),Grains and staples,Millets,TN-SKU-0197,packet,Salem,Shevapet Wholesale Grain Market,SUP-TN-01,Kongu Agro Supplies,80,117,62,15,60,TN-BCH-2026047,,,DRY_VENTILATED,2026-10-03T09:39:13.776Z,TAMIL_NADU_RETAIL_SYNTHETIC_DATA_V1,true
TN-SKU-0198,Little Millet (Samai Arisi) 1kg (Grade-B),Grains and staples,Millets,TN-SKU-0198,packet,Nilgiris,Ooty Municipal Market,SUP-TN-04,Madurai Meenakshi Dairy & Provisions,74,109,79,15,60,TN-BCH-2026048,,,DRY_VENTILATED,2026-10-03T09:39:13.776Z,TAMIL_NADU_RETAIL_SYNTHETIC_DATA_V1,true
TN-SKU-0199,Foxtail Millet (Thinai Arisi) 1kg (Grade-B),Grains and staples,Millets,TN-SKU-0199,packet,Coimbatore,RS Puram Trade Centre,SUP-TN-07,Nilgiris High-Range Organic Produce,78,112,9,15,60,TN-BCH-2026049,,,DRY_VENTILATED,2026-10-03T09:39:13.776Z,TAMIL_NADU_RETAIL_SYNTHETIC_DATA_V1,true
TN-SKU-0200,Barnyard Millet (Kuthiraivali Arisi) 1kg (Grade-B),Grains and staples,Millets,TN-SKU-0200,packet,Thanjavur,Kamaraj Daily Market,SUP-TN-10,Oddanchatram Farm Logistics Network,76,112,113,15,60,TN-BCH-2026050,,,DRY_VENTILATED,2026-10-03T09:39:13.776Z,TAMIL_NADU_RETAIL_SYNTHETIC_DATA_V1,true
TN-SKU-0201,Aavin Full Cream Milk (Orange) 500ml (Grade-B),Dairy,Milk,TN-SKU-0201,packet,Cuddalore,Panruti Jackfruit & Cashew Market,SUP-TN-03,Cauvery Delta Farmers Collective,23,26,130,15,60,TN-BCH-2026001,2026-10-03,2026-10-05,COLD_STORAGE,2026-10-03T09:39:13.776Z,TAMIL_NADU_RETAIL_SYNTHETIC_DATA_V1,true
TN-SKU-0202,Aavin Standardized Cow Milk (Green) 500ml (Grade-B),Dairy,Milk,TN-SKU-0202,packet,Tiruchirappalli,Gandhi Market Mandi,SUP-TN-06,Erode Turmeric & Agri Logistics,21,25,147,15,60,TN-BCH-2026002,2026-10-03,2026-10-05,COLD_STORAGE,2026-10-03T09:39:13.776Z,TAMIL_NADU_RETAIL_SYNTHETIC_DATA_V1,true
TN-SKU-0203,Fresh Thick Farm Curd (Thayir) 1kg Tub (Grade-B),Dairy,Curd & Yoghurt,TN-SKU-0203,packet,Dindigul,Oddanchatram Vegetable Market,SUP-TN-09,Thanjavur Grain & Rice Mills Depot,53,71,164,15,60,TN-BCH-2026003,2026-10-02,2026-10-07,COLD_STORAGE,2026-10-03T09:39:13.776Z,TAMIL_NADU_RETAIL_SYNTHETIC_DATA_V1,true
TN-SKU-0204,Traditional Pure Cow Ghee (Nei) 500ml (Grade-B),Dairy,Ghee & Butter,TN-SKU-0204,piece,Coimbatore,MGR Wholesale Vegetable Mandi,SUP-TN-02,Chennai Metro Spices & FMCG,316,428,17,8,32,TN-BCH-2026004,2026-08-10,2027-02-06,ROOM_TEMP,2026-10-03T09:39:13.776Z,TAMIL_NADU_RETAIL_SYNTHETIC_DATA_V1,true
TN-SKU-0205,Fresh Soft Malai Paneer 500g Pack (Grade-B),Dairy,Paneer & Cheese,TN-SKU-0205,packet,Tiruppur,Thennampalayam Daily Market,SUP-TN-05,Salem Sago & Staples Traders,158,216,48,15,60,TN-BCH-2026005,2026-09-16,2026-09-30,COLD_STORAGE,2026-10-03T09:39:13.776Z,TAMIL_NADU_RETAIL_SYNTHETIC_DATA_V1,true
TN-SKU-0206,Unsalted Creamery Butter 500g Brick (Grade-B),Dairy,Ghee & Butter,TN-SKU-0206,piece,Thoothukudi,VOC Port Salt & Provisions Terminal,SUP-TN-08,Nellai Wholesale Mandi Corporation,227,299,51,8,32,TN-BCH-2026006,2026-09-06,2026-12-05,COLD_STORAGE,2026-10-03T09:39:13.776Z,TAMIL_NADU_RETAIL_SYNTHETIC_DATA_V1,true
TN-SKU-0207,Fresh Milk Khoya / Mawa 250g (Grade-B),Dairy,Traditional Dairy,TN-SKU-0207,packet,Madurai,Simmakkal Wholesale Mandi,SUP-TN-01,Kongu Agro Supplies,86,127,82,15,60,TN-BCH-2026007,2026-09-30,2026-10-10,COLD_STORAGE,2026-10-03T09:39:13.776Z,TAMIL_NADU_RETAIL_SYNTHETIC_DATA_V1,true
TN-SKU-0208,Sweetened Condensed Milk 400g Tin (Grade-B),Dairy,Processed Dairy,TN-SKU-0208,piece,Vellore,Katpadi Wholesale Mandi,SUP-TN-04,Madurai Meenakshi Dairy & Provisions,102,140,0,8,32,TN-BCH-2026008,2026-07-23,2027-03-20,ROOM_TEMP,2026-10-03T09:39:13.776Z,TAMIL_NADU_RETAIL_SYNTHETIC_DATA_V1,true
TN-SKU-0209,Classic Sandwich Sliced White Bread 400g (Grade-B),Bakery products,Breads,TN-SKU-0209,packet,Chennai,George Town Commodity Market,SUP-TN-07,Nilgiris High-Range Organic Produce,24,35,116,15,60,TN-BCH-2026009,2026-10-03,2026-10-07,ROOM_TEMP,2026-10-03T09:39:13.776Z,TAMIL_NADU_RETAIL_SYNTHETIC_DATA_V1,true
TN-SKU-0210,100% Whole Wheat Brown Bread 400g (Grade-B),Bakery products,Breads,TN-SKU-0210,packet,Erode,Nethaji Daily Market,SUP-TN-10,Oddanchatram Farm Logistics Network,36,50,9,15,60,TN-BCH-2026010,2026-10-02,2026-10-06,ROOM_TEMP,2026-10-03T09:39:13.776Z,TAMIL_NADU_RETAIL_SYNTHETIC_DATA_V1,true
TN-SKU-0211,Rich Plum Fruit Cake 500g Box (Grade-B),Bakery products,Cakes,TN-SKU-0211,box,Theni,Chinnamanur Banana Auction Center,SUP-TN-03,Cauvery Delta Farmers Collective,121,177,136,8,32,TN-BCH-2026011,2026-09-24,2026-10-24,ROOM_TEMP,2026-10-03T09:39:13.776Z,TAMIL_NADU_RETAIL_SYNTHETIC_DATA_V1,true
TN-SKU-0212,Crispy Elaichi Butter Rusk 400g (Grade-B),Bakery products,Biscuits & Rusks,TN-SKU-0212,packet,Madurai,Mattuthavani Vegetable Market,SUP-TN-06,Erode Turmeric & Agri Logistics,48,69,167,15,60,TN-BCH-2026012,2026-09-06,2026-12-05,ROOM_TEMP,2026-10-03T09:39:13.776Z,TAMIL_NADU_RETAIL_SYNTHETIC_DATA_V1,true
TN-SKU-0213,Nilgiris Fresh Coconut Macaroons 250g (Grade-B),Bakery products,Confectionery,TN-SKU-0213,box,Tirunelveli,Nainar Kulam Wholesale Market,SUP-TN-09,Thanjavur Grain & Rice Mills Depot,85,132,20,8,32,TN-BCH-2026013,2026-09-20,2026-11-04,ROOM_TEMP,2026-10-03T09:39:13.776Z,TAMIL_NADU_RETAIL_SYNTHETIC_DATA_V1,true
TN-SKU-0214,Osmania Salt Tea Biscuits 300g (Grade-B),Bakery products,Biscuits & Rusks,TN-SKU-0214,packet,Chennai,Koyambedu Wholesale Market,SUP-TN-02,Chennai Metro Spices & FMCG,45,70,51,15,60,TN-BCH-2026014,2026-09-06,2026-12-05,ROOM_TEMP,2026-10-03T09:39:13.776Z,TAMIL_NADU_RETAIL_SYNTHETIC_DATA_V1,true
TN-SKU-0215,Active Instant Dry Baking Yeast 100g (Grade-B),Bakery products,Baking Supplies,TN-SKU-0215,packet,Salem,Shevapet Wholesale Grain Market,SUP-TN-05,Salem Sago & Staples Traders,33,52,68,15,60,TN-BCH-2026015,2026-08-10,2027-02-06,ROOM_TEMP,2026-10-03T09:39:13.776Z,TAMIL_NADU_RETAIL_SYNTHETIC_DATA_V1,true
TN-SKU-0216,Dutch Processed Cocoa Powder 250g Box (Grade-B),Bakery products,Baking Supplies,TN-SKU-0216,box,Nilgiris,Ooty Municipal Market,SUP-TN-08,Nellai Wholesale Mandi Corporation,119,178,71,8,32,TN-BCH-2026016,2026-06-16,2027-06-16,ROOM_TEMP,2026-10-03T09:39:13.776Z,TAMIL_NADU_RETAIL_SYNTHETIC_DATA_V1,true
TN-SKU-0217,Tri-Color Tutti Frutti Papaya Cubes 500g (Grade-B),Bakery products,Baking Supplies,TN-SKU-0217,packet,Coimbatore,RS Puram Trade Centre,SUP-TN-01,Kongu Agro Supplies,46,72,102,15,60,TN-BCH-2026017,2026-08-10,2027-02-06,ROOM_TEMP,2026-10-03T09:39:13.776Z,TAMIL_NADU_RETAIL_SYNTHETIC_DATA_V1,true
TN-SKU-0218,Erode Pure Ground Turmeric Powder (Manjal) 500g (Grade-B),Spices and condiments,Powdered Spices,TN-SKU-0218,packet,Thanjavur,Kamaraj Daily Market,SUP-TN-04,Madurai Meenakshi Dairy & Provisions,93,136,119,15,60,TN-BCH-2026018,2026-06-16,2027-06-16,ROOM_TEMP,2026-10-03T09:39:13.776Z,TAMIL_NADU_RETAIL_SYNTHETIC_DATA_V1,true
TN-SKU-0219,Guntur Dry Red Chilli Powder (Milagai Thool) 500g (Grade-B),Spices and condiments,Powdered Spices,TN-SKU-0219,packet,Cuddalore,Panruti Jackfruit & Cashew Market,SUP-TN-07,Nilgiris High-Range Organic Produce,126,179,136,15,60,TN-BCH-2026019,2026-06-16,2027-06-16,ROOM_TEMP,2026-10-03T09:39:13.776Z,TAMIL_NADU_RETAIL_SYNTHETIC_DATA_V1,true
TN-SKU-0220,Coriander Seed Powder (Malli Thool) 500g (Grade-B),Spices and condiments,Powdered Spices,TN-SKU-0220,packet,Tiruchirappalli,Gandhi Market Mandi,SUP-TN-10,Oddanchatram Farm Logistics Network,88,127,153,15,60,TN-BCH-2026020,2026-06-16,2027-06-16,ROOM_TEMP,2026-10-03T09:39:13.776Z,TAMIL_NADU_RETAIL_SYNTHETIC_DATA_V1,true